"date","ticker","isin","name","close","currency"
"13.08.2026","ABBV",NA,"AbbVie",250.82,"USD"
"14.08.2026","ABBV",NA,"AbbVie",249.46,"USD"
"17.08.2026","ABBV",NA,"AbbVie",250.33,"USD"
"18.08.2026","ABBV",NA,"AbbVie",258.92,"USD"
"19.08.2026","ABBV",NA,"AbbVie",265.97,"USD"
"20.08.2026","ABBV",NA,"AbbVie",261.83,"USD"
"21.08.2026","ABBV",NA,"AbbVie",264.96,"USD"
"24.08.2026","ABBV",NA,"AbbVie",264.52,"USD"
"25.08.2026","ABBV",NA,"AbbVie",265.79,"USD"
"26.08.2026","ABBV",NA,"AbbVie",262.9,"USD"
"27.08.2026","ABBV",NA,"AbbVie",258.15,"USD"
"28.08.2026","ABBV",NA,"AbbVie",255.48,"USD"
"31.08.2026","ABBV",NA,"AbbVie",256.42,"USD"
"01.09.2026","ABBV",NA,"AbbVie",259.99,"USD"
"02.09.2026","ABBV",NA,"AbbVie",261.72,"USD"
"03.09.2026","ABBV",NA,"AbbVie",260.21,"USD"
"04.09.2026","ABBV",NA,"AbbVie",256.46,"USD"
"08.09.2026","ABBV",NA,"AbbVie",248.78,"USD"
"09.09.2026","ABBV",NA,"AbbVie",250.91,"USD"
"10.09.2026","ABBV",NA,"AbbVie",255,"USD"
"11.09.2026","ABBV",NA,"AbbVie",257.12,"USD"
"14.09.2026","ABBV",NA,"AbbVie",261.77,"USD"
"15.09.2026","ABBV",NA,"AbbVie",263.04,"USD"
"16.09.2026","ABBV",NA,"AbbVie",262.51,"USD"
"17.09.2026","ABBV",NA,"AbbVie",264.02,"USD"
"18.09.2026","ABBV",NA,"AbbVie",263.96,"USD"
"21.09.2026","ABBV",NA,"AbbVie",264.48,"USD"
"22.09.2026","ABBV",NA,"AbbVie",NA,"USD"
"23.09.2026","ABBV",NA,"AbbVie",265.08,"USD"
"24.09.2026","ABBV",NA,"AbbVie",265.12,"USD"
"13.08.2026","ADM",NA,"Admiral Group PLC",38.94,"GBP"
"14.08.2026","ADM",NA,"Admiral Group PLC",39.32,"GBP"
"17.08.2026","ADM",NA,"Admiral Group PLC",38.78,"GBP"
"18.08.2026","ADM",NA,"Admiral Group PLC",38.94,"GBP"
"19.08.2026","ADM",NA,"Admiral Group PLC",38.9,"GBP"
"20.08.2026","ADM",NA,"Admiral Group PLC",39.18,"GBP"
"21.08.2026","ADM",NA,"Admiral Group PLC",39.76,"GBP"
"24.08.2026","ADM",NA,"Admiral Group PLC",40,"GBP"
"25.08.2026","ADM",NA,"Admiral Group PLC",40.72,"GBP"
"26.08.2026","ADM",NA,"Admiral Group PLC",41.28,"GBP"
"27.08.2026","ADM",NA,"Admiral Group PLC",40.76,"GBP"
"28.08.2026","ADM",NA,"Admiral Group PLC",40.24,"GBP"
"01.09.2026","ADM",NA,"Admiral Group PLC",39.36,"GBP"
"02.09.2026","ADM",NA,"Admiral Group PLC",39.34,"GBP"
"03.09.2026","ADM",NA,"Admiral Group PLC",38.36,"GBP"
"04.09.2026","ADM",NA,"Admiral Group PLC",38.16,"GBP"
"07.09.2026","ADM",NA,"Admiral Group PLC",38.66,"GBP"
"08.09.2026","ADM",NA,"Admiral Group PLC",38.56,"GBP"
"09.09.2026","ADM",NA,"Admiral Group PLC",37.78,"GBP"
"10.09.2026","ADM",NA,"Admiral Group PLC",37.86,"GBP"
"11.09.2026","ADM",NA,"Admiral Group PLC",37.86,"GBP"
"14.09.2026","ADM",NA,"Admiral Group PLC",38.36,"GBP"
"15.09.2026","ADM",NA,"Admiral Group PLC",38.88,"GBP"
"16.09.2026","ADM",NA,"Admiral Group PLC",38.62,"GBP"
"17.09.2026","ADM",NA,"Admiral Group PLC",38.94,"GBP"
"18.09.2026","ADM",NA,"Admiral Group PLC",38.18,"GBP"
"21.09.2026","ADM",NA,"Admiral Group PLC",38.36,"GBP"
"22.09.2026","ADM",NA,"Admiral Group PLC",37.06,"GBP"
"23.09.2026","ADM",NA,"Admiral Group PLC",36.72,"GBP"
"24.09.2026","ADM",NA,"Admiral Group PLC",36.4,"GBP"
"13.08.2026","RIO",NA,"ADR on Rio Tinto",98.2,"USD"
"14.08.2026","RIO",NA,"ADR on Rio Tinto",95.68,"USD"
"17.08.2026","RIO",NA,"ADR on Rio Tinto",97.21,"USD"
"18.08.2026","RIO",NA,"ADR on Rio Tinto",96.69,"USD"
"19.08.2026","RIO",NA,"ADR on Rio Tinto",100.44,"USD"
"20.08.2026","RIO",NA,"ADR on Rio Tinto",102.17,"USD"
"21.08.2026","RIO",NA,"ADR on Rio Tinto",105.3,"USD"
"24.08.2026","RIO",NA,"ADR on Rio Tinto",104.8,"USD"
"25.08.2026","RIO",NA,"ADR on Rio Tinto",106.81,"USD"
"26.08.2026","RIO",NA,"ADR on Rio Tinto",104.7,"USD"
"27.08.2026","RIO",NA,"ADR on Rio Tinto",104.78,"USD"
"28.08.2026","RIO",NA,"ADR on Rio Tinto",103.3,"USD"
"31.08.2026","RIO",NA,"ADR on Rio Tinto",102.5,"USD"
"01.09.2026","RIO",NA,"ADR on Rio Tinto",101.86,"USD"
"02.09.2026","RIO",NA,"ADR on Rio Tinto",102.75,"USD"
"03.09.2026","RIO",NA,"ADR on Rio Tinto",102.84,"USD"
"04.09.2026","RIO",NA,"ADR on Rio Tinto",103.27,"USD"
"08.09.2026","RIO",NA,"ADR on Rio Tinto",103.83,"USD"
"09.09.2026","RIO",NA,"ADR on Rio Tinto",103.74,"USD"
"10.09.2026","RIO",NA,"ADR on Rio Tinto",99.39,"USD"
"11.09.2026","RIO",NA,"ADR on Rio Tinto",99.96,"USD"
"14.09.2026","RIO",NA,"ADR on Rio Tinto",97.64,"USD"
"15.09.2026","RIO",NA,"ADR on Rio Tinto",97.26,"USD"
"16.09.2026","RIO",NA,"ADR on Rio Tinto",95.79,"USD"
"17.09.2026","RIO",NA,"ADR on Rio Tinto",98.04,"USD"
"18.09.2026","RIO",NA,"ADR on Rio Tinto",97.37,"USD"
"21.09.2026","RIO",NA,"ADR on Rio Tinto",97.04,"USD"
"22.09.2026","RIO",NA,"ADR on Rio Tinto",NA,"USD"
"23.09.2026","RIO",NA,"ADR on Rio Tinto",95.25,"USD"
"24.09.2026","RIO",NA,"ADR on Rio Tinto",94.47,"USD"
"13.08.2026","AES",NA,"AES Corp",14.73,"USD"
"14.08.2026","AES",NA,"AES Corp",14.73,"USD"
"17.08.2026","AES",NA,"AES Corp",14.76,"USD"
"18.08.2026","AES",NA,"AES Corp",14.74,"USD"
"19.08.2026","AES",NA,"AES Corp",14.7,"USD"
"20.08.2026","AES",NA,"AES Corp",14.77,"USD"
"21.08.2026","AES",NA,"AES Corp",14.77,"USD"
"24.08.2026","AES",NA,"AES Corp",14.75,"USD"
"25.08.2026","AES",NA,"AES Corp",14.73,"USD"
"26.08.2026","AES",NA,"AES Corp",14.73,"USD"
"27.08.2026","AES",NA,"AES Corp",14.75,"USD"
"28.08.2026","AES",NA,"AES Corp",14.73,"USD"
"31.08.2026","AES",NA,"AES Corp",14.74,"USD"
"01.09.2026","AES",NA,"AES Corp",14.77,"USD"
"02.09.2026","AES",NA,"AES Corp",14.8,"USD"
"03.09.2026","AES",NA,"AES Corp",14.78,"USD"
"04.09.2026","AES",NA,"AES Corp",14.79,"USD"
"08.09.2026","AES",NA,"AES Corp",14.83,"USD"
"09.09.2026","AES",NA,"AES Corp",14.82,"USD"
"10.09.2026","AES",NA,"AES Corp",14.8,"USD"
"11.09.2026","AES",NA,"AES Corp",14.79,"USD"
"14.09.2026","AES",NA,"AES Corp",14.8,"USD"
"15.09.2026","AES",NA,"AES Corp",14.8,"USD"
"16.09.2026","AES",NA,"AES Corp",14.81,"USD"
"17.09.2026","AES",NA,"AES Corp",14.85,"USD"
"18.09.2026","AES",NA,"AES Corp",14.83,"USD"
"21.09.2026","AES",NA,"AES Corp",14.83,"USD"
"22.09.2026","AES",NA,"AES Corp",NA,"USD"
"23.09.2026","AES",NA,"AES Corp",14.81,"USD"
"24.09.2026","AES",NA,"AES Corp",14.85,"USD"
"13.08.2026","AMCR",NA,"Amcor",46.38,"USD"
"14.08.2026","AMCR",NA,"Amcor",46.03,"USD"
"17.08.2026","AMCR",NA,"Amcor",45.53,"USD"
"18.08.2026","AMCR",NA,"Amcor",45.86,"USD"
"19.08.2026","AMCR",NA,"Amcor",47.45,"USD"
"20.08.2026","AMCR",NA,"Amcor",47.81,"USD"
"21.08.2026","AMCR",NA,"Amcor",48.59,"USD"
"24.08.2026","AMCR",NA,"Amcor",47.91,"USD"
"25.08.2026","AMCR",NA,"Amcor",47.27,"USD"
"26.08.2026","AMCR",NA,"Amcor",47.15,"USD"
"27.08.2026","AMCR",NA,"Amcor",46.52,"USD"
"28.08.2026","AMCR",NA,"Amcor",46.67,"USD"
"31.08.2026","AMCR",NA,"Amcor",45.89,"USD"
"01.09.2026","AMCR",NA,"Amcor",45.82,"USD"
"02.09.2026","AMCR",NA,"Amcor",46.68,"USD"
"03.09.2026","AMCR",NA,"Amcor",45.89,"USD"
"04.09.2026","AMCR",NA,"Amcor",45.15,"USD"
"08.09.2026","AMCR",NA,"Amcor",44.34,"USD"
"09.09.2026","AMCR",NA,"Amcor",43.13,"USD"
"10.09.2026","AMCR",NA,"Amcor",43,"USD"
"11.09.2026","AMCR",NA,"Amcor",42.32,"USD"
"14.09.2026","AMCR",NA,"Amcor",42.25,"USD"
"15.09.2026","AMCR",NA,"Amcor",42.46,"USD"
"16.09.2026","AMCR",NA,"Amcor",41.97,"USD"
"17.09.2026","AMCR",NA,"Amcor",42.38,"USD"
"18.09.2026","AMCR",NA,"Amcor",41.9,"USD"
"21.09.2026","AMCR",NA,"Amcor",42.15,"USD"
"22.09.2026","AMCR",NA,"Amcor",NA,"USD"
"23.09.2026","AMCR",NA,"Amcor",42.8,"USD"
"24.09.2026","AMCR",NA,"Amcor",42.1,"USD"
"13.08.2026","KO",NA,"Coca-Cola",87.42,"USD"
"14.08.2026","KO",NA,"Coca-Cola",87.71,"USD"
"17.08.2026","KO",NA,"Coca-Cola",86.98,"USD"
"18.08.2026","KO",NA,"Coca-Cola",88.82,"USD"
"19.08.2026","KO",NA,"Coca-Cola",90.35,"USD"
"20.08.2026","KO",NA,"Coca-Cola",90.5,"USD"
"21.08.2026","KO",NA,"Coca-Cola",91.1,"USD"
"24.08.2026","KO",NA,"Coca-Cola",91.99,"USD"
"25.08.2026","KO",NA,"Coca-Cola",91.64,"USD"
"26.08.2026","KO",NA,"Coca-Cola",90.08,"USD"
"27.08.2026","KO",NA,"Coca-Cola",89.06,"USD"
"28.08.2026","KO",NA,"Coca-Cola",89.66,"USD"
"31.08.2026","KO",NA,"Coca-Cola",88.67,"USD"
"01.09.2026","KO",NA,"Coca-Cola",88,"USD"
"02.09.2026","KO",NA,"Coca-Cola",88.24,"USD"
"03.09.2026","KO",NA,"Coca-Cola",88.81,"USD"
"04.09.2026","KO",NA,"Coca-Cola",88.07,"USD"
"08.09.2026","KO",NA,"Coca-Cola",88.36,"USD"
"09.09.2026","KO",NA,"Coca-Cola",87.55,"USD"
"10.09.2026","KO",NA,"Coca-Cola",87.83,"USD"
"11.09.2026","KO",NA,"Coca-Cola",88.29,"USD"
"14.09.2026","KO",NA,"Coca-Cola",89.35,"USD"
"15.09.2026","KO",NA,"Coca-Cola",88.71,"USD"
"16.09.2026","KO",NA,"Coca-Cola",87.87,"USD"
"17.09.2026","KO",NA,"Coca-Cola",88.06,"USD"
"18.09.2026","KO",NA,"Coca-Cola",88.25,"USD"
"21.09.2026","KO",NA,"Coca-Cola",87.12,"USD"
"22.09.2026","KO",NA,"Coca-Cola",NA,"USD"
"23.09.2026","KO",NA,"Coca-Cola",88.09,"USD"
"24.09.2026","KO",NA,"Coca-Cola",88.1,"USD"
"13.08.2026","CVS",NA,"CVS Health",94.99,"USD"
"14.08.2026","CVS",NA,"CVS Health",97.16,"USD"
"17.08.2026","CVS",NA,"CVS Health",94.01,"USD"
"18.08.2026","CVS",NA,"CVS Health",94.91,"USD"
"19.08.2026","CVS",NA,"CVS Health",93.65,"USD"
"20.08.2026","CVS",NA,"CVS Health",93.65,"USD"
"21.08.2026","CVS",NA,"CVS Health",93.02,"USD"
"24.08.2026","CVS",NA,"CVS Health",94.11,"USD"
"25.08.2026","CVS",NA,"CVS Health",92.9,"USD"
"26.08.2026","CVS",NA,"CVS Health",94.32,"USD"
"27.08.2026","CVS",NA,"CVS Health",92.92,"USD"
"28.08.2026","CVS",NA,"CVS Health",93.06,"USD"
"31.08.2026","CVS",NA,"CVS Health",93.91,"USD"
"01.09.2026","CVS",NA,"CVS Health",97.6,"USD"
"02.09.2026","CVS",NA,"CVS Health",97.23,"USD"
"03.09.2026","CVS",NA,"CVS Health",97.2,"USD"
"04.09.2026","CVS",NA,"CVS Health",96.74,"USD"
"08.09.2026","CVS",NA,"CVS Health",96.07,"USD"
"09.09.2026","CVS",NA,"CVS Health",95.38,"USD"
"10.09.2026","CVS",NA,"CVS Health",95.29,"USD"
"11.09.2026","CVS",NA,"CVS Health",94.66,"USD"
"14.09.2026","CVS",NA,"CVS Health",95.55,"USD"
"15.09.2026","CVS",NA,"CVS Health",94.49,"USD"
"16.09.2026","CVS",NA,"CVS Health",91.72,"USD"
"17.09.2026","CVS",NA,"CVS Health",90.27,"USD"
"18.09.2026","CVS",NA,"CVS Health",88.84,"USD"
"21.09.2026","CVS",NA,"CVS Health",87.6,"USD"
"22.09.2026","CVS",NA,"CVS Health",NA,"USD"
"23.09.2026","CVS",NA,"CVS Health",85.86,"USD"
"24.09.2026","CVS",NA,"CVS Health",85.05,"USD"
"13.08.2026","DVN",NA,"Devon Energy",44.39,"USD"
"14.08.2026","DVN",NA,"Devon Energy",45.85,"USD"
"17.08.2026","DVN",NA,"Devon Energy",47.57,"USD"
"18.08.2026","DVN",NA,"Devon Energy",47.83,"USD"
"19.08.2026","DVN",NA,"Devon Energy",48.19,"USD"
"20.08.2026","DVN",NA,"Devon Energy",49.3,"USD"
"21.08.2026","DVN",NA,"Devon Energy",49.1,"USD"
"24.08.2026","DVN",NA,"Devon Energy",48.23,"USD"
"25.08.2026","DVN",NA,"Devon Energy",46.91,"USD"
"26.08.2026","DVN",NA,"Devon Energy",46.83,"USD"
"27.08.2026","DVN",NA,"Devon Energy",47.12,"USD"
"28.08.2026","DVN",NA,"Devon Energy",47.35,"USD"
"31.08.2026","DVN",NA,"Devon Energy",48.51,"USD"
"01.09.2026","DVN",NA,"Devon Energy",49.05,"USD"
"02.09.2026","DVN",NA,"Devon Energy",49.03,"USD"
"03.09.2026","DVN",NA,"Devon Energy",48.79,"USD"
"04.09.2026","DVN",NA,"Devon Energy",48.06,"USD"
"08.09.2026","DVN",NA,"Devon Energy",48.4,"USD"
"09.09.2026","DVN",NA,"Devon Energy",48.98,"USD"
"10.09.2026","DVN",NA,"Devon Energy",50.02,"USD"
"11.09.2026","DVN",NA,"Devon Energy",50.23,"USD"
"14.09.2026","DVN",NA,"Devon Energy",49.73,"USD"
"15.09.2026","DVN",NA,"Devon Energy",51.33,"USD"
"16.09.2026","DVN",NA,"Devon Energy",48.44,"USD"
"17.09.2026","DVN",NA,"Devon Energy",48.72,"USD"
"18.09.2026","DVN",NA,"Devon Energy",48.61,"USD"
"21.09.2026","DVN",NA,"Devon Energy",47.59,"USD"
"22.09.2026","DVN",NA,"Devon Energy",NA,"USD"
"23.09.2026","DVN",NA,"Devon Energy",48.04,"USD"
"24.09.2026","DVN",NA,"Devon Energy",48.9,"USD"
"13.08.2026","DX",NA,"Dynex Capital Inc",13.02,"USD"
"14.08.2026","DX",NA,"Dynex Capital Inc",13.06,"USD"
"17.08.2026","DX",NA,"Dynex Capital Inc",13.07,"USD"
"18.08.2026","DX",NA,"Dynex Capital Inc",13.18,"USD"
"19.08.2026","DX",NA,"Dynex Capital Inc",13.33,"USD"
"20.08.2026","DX",NA,"Dynex Capital Inc",13.25,"USD"
"21.08.2026","DX",NA,"Dynex Capital Inc",13.03,"USD"
"24.08.2026","DX",NA,"Dynex Capital Inc",13.05,"USD"
"25.08.2026","DX",NA,"Dynex Capital Inc",13.01,"USD"
"26.08.2026","DX",NA,"Dynex Capital Inc",12.88,"USD"
"27.08.2026","DX",NA,"Dynex Capital Inc",12.9,"USD"
"28.08.2026","DX",NA,"Dynex Capital Inc",12.91,"USD"
"31.08.2026","DX",NA,"Dynex Capital Inc",12.89,"USD"
"01.09.2026","DX",NA,"Dynex Capital Inc",12.74,"USD"
"02.09.2026","DX",NA,"Dynex Capital Inc",12.75,"USD"
"03.09.2026","DX",NA,"Dynex Capital Inc",12.83,"USD"
"04.09.2026","DX",NA,"Dynex Capital Inc",12.9,"USD"
"08.09.2026","DX",NA,"Dynex Capital Inc",12.89,"USD"
"09.09.2026","DX",NA,"Dynex Capital Inc",12.83,"USD"
"10.09.2026","DX",NA,"Dynex Capital Inc",12.56,"USD"
"11.09.2026","DX",NA,"Dynex Capital Inc",12.52,"USD"
"14.09.2026","DX",NA,"Dynex Capital Inc",12.41,"USD"
"15.09.2026","DX",NA,"Dynex Capital Inc",12.23,"USD"
"16.09.2026","DX",NA,"Dynex Capital Inc",12.16,"USD"
"17.09.2026","DX",NA,"Dynex Capital Inc",12.29,"USD"
"18.09.2026","DX",NA,"Dynex Capital Inc",12.18,"USD"
"21.09.2026","DX",NA,"Dynex Capital Inc",12.07,"USD"
"22.09.2026","DX",NA,"Dynex Capital Inc",12.1,"USD"
"23.09.2026","DX",NA,"Dynex Capital Inc",11.73,"USD"
"24.09.2026","DX",NA,"Dynex Capital Inc",11.34,"USD"
"13.08.2026","BEN",NA,"Franklin Resources",33.86,"USD"
"14.08.2026","BEN",NA,"Franklin Resources",33.86,"USD"
"17.08.2026","BEN",NA,"Franklin Resources",34.19,"USD"
"18.08.2026","BEN",NA,"Franklin Resources",33.99,"USD"
"19.08.2026","BEN",NA,"Franklin Resources",33.98,"USD"
"20.08.2026","BEN",NA,"Franklin Resources",33.97,"USD"
"21.08.2026","BEN",NA,"Franklin Resources",34.31,"USD"
"24.08.2026","BEN",NA,"Franklin Resources",34.62,"USD"
"25.08.2026","BEN",NA,"Franklin Resources",35.03,"USD"
"26.08.2026","BEN",NA,"Franklin Resources",35.01,"USD"
"27.08.2026","BEN",NA,"Franklin Resources",34.82,"USD"
"28.08.2026","BEN",NA,"Franklin Resources",34.65,"USD"
"31.08.2026","BEN",NA,"Franklin Resources",34.15,"USD"
"01.09.2026","BEN",NA,"Franklin Resources",33.1,"USD"
"02.09.2026","BEN",NA,"Franklin Resources",33.01,"USD"
"03.09.2026","BEN",NA,"Franklin Resources",33.55,"USD"
"04.09.2026","BEN",NA,"Franklin Resources",34.73,"USD"
"08.09.2026","BEN",NA,"Franklin Resources",34.65,"USD"
"09.09.2026","BEN",NA,"Franklin Resources",34.12,"USD"
"10.09.2026","BEN",NA,"Franklin Resources",33.66,"USD"
"11.09.2026","BEN",NA,"Franklin Resources",33.65,"USD"
"14.09.2026","BEN",NA,"Franklin Resources",33.47,"USD"
"15.09.2026","BEN",NA,"Franklin Resources",33.29,"USD"
"16.09.2026","BEN",NA,"Franklin Resources",32.72,"USD"
"17.09.2026","BEN",NA,"Franklin Resources",33.07,"USD"
"18.09.2026","BEN",NA,"Franklin Resources",33.01,"USD"
"21.09.2026","BEN",NA,"Franklin Resources",33.64,"USD"
"22.09.2026","BEN",NA,"Franklin Resources",NA,"USD"
"23.09.2026","BEN",NA,"Franklin Resources",32.71,"USD"
"24.09.2026","BEN",NA,"Franklin Resources",32.55,"USD"
"14.08.2026","MBG.DE",NA,"Mercedes-Benz Group",46.025,"EUR"
"17.08.2026","MBG.DE",NA,"Mercedes-Benz Group",45.52,"EUR"
"18.08.2026","MBG.DE",NA,"Mercedes-Benz Group",45.065,"EUR"
"19.08.2026","MBG.DE",NA,"Mercedes-Benz Group",45.025,"EUR"
"20.08.2026","MBG.DE",NA,"Mercedes-Benz Group",44.795,"EUR"
"21.08.2026","MBG.DE",NA,"Mercedes-Benz Group",45.215,"EUR"
"24.08.2026","MBG.DE",NA,"Mercedes-Benz Group",45.05,"EUR"
"25.08.2026","MBG.DE",NA,"Mercedes-Benz Group",44.92,"EUR"
"26.08.2026","MBG.DE",NA,"Mercedes-Benz Group",44.64,"EUR"
"27.08.2026","MBG.DE",NA,"Mercedes-Benz Group",45.595,"EUR"
"28.08.2026","MBG.DE",NA,"Mercedes-Benz Group",46.945,"EUR"
"31.08.2026","MBG.DE",NA,"Mercedes-Benz Group",47.22,"EUR"
"01.09.2026","MBG.DE",NA,"Mercedes-Benz Group",46.97,"EUR"
"02.09.2026","MBG.DE",NA,"Mercedes-Benz Group",46.38,"EUR"
"03.09.2026","MBG.DE",NA,"Mercedes-Benz Group",47.135,"EUR"
"04.09.2026","MBG.DE",NA,"Mercedes-Benz Group",47.685,"EUR"
"07.09.2026","MBG.DE",NA,"Mercedes-Benz Group",48.1,"EUR"
"08.09.2026","MBG.DE",NA,"Mercedes-Benz Group",47.77,"EUR"
"09.09.2026","MBG.DE",NA,"Mercedes-Benz Group",46.695,"EUR"
"10.09.2026","MBG.DE",NA,"Mercedes-Benz Group",46.855,"EUR"
"11.09.2026","MBG.DE",NA,"Mercedes-Benz Group",46.68,"EUR"
"14.09.2026","MBG.DE",NA,"Mercedes-Benz Group",46.655,"EUR"
"15.09.2026","MBG.DE",NA,"Mercedes-Benz Group",46.56,"EUR"
"16.09.2026","MBG.DE",NA,"Mercedes-Benz Group",45.365,"EUR"
"17.09.2026","MBG.DE",NA,"Mercedes-Benz Group",46.195,"EUR"
"18.09.2026","MBG.DE",NA,"Mercedes-Benz Group",43.995,"EUR"
"21.09.2026","MBG.DE",NA,"Mercedes-Benz Group",43.665,"EUR"
"22.09.2026","MBG.DE",NA,"Mercedes-Benz Group",43.47,"EUR"
"23.09.2026","MBG.DE",NA,"Mercedes-Benz Group",42.105,"EUR"
"24.09.2026","MBG.DE",NA,"Mercedes-Benz Group",41.245,"EUR"
"14.08.2026","OMV.VI",NA,"OMV",65.75,"EUR"
"17.08.2026","OMV.VI",NA,"OMV",66.1,"EUR"
"18.08.2026","OMV.VI",NA,"OMV",67.55,"EUR"
"19.08.2026","OMV.VI",NA,"OMV",68.55,"EUR"
"20.08.2026","OMV.VI",NA,"OMV",69,"EUR"
"21.08.2026","OMV.VI",NA,"OMV",68.9,"EUR"
"24.08.2026","OMV.VI",NA,"OMV",68.05,"EUR"
"25.08.2026","OMV.VI",NA,"OMV",67.9,"EUR"
"26.08.2026","OMV.VI",NA,"OMV",67.7,"EUR"
"27.08.2026","OMV.VI",NA,"OMV",67.2,"EUR"
"28.08.2026","OMV.VI",NA,"OMV",66.9,"EUR"
"31.08.2026","OMV.VI",NA,"OMV",68.5,"EUR"
"01.09.2026","OMV.VI",NA,"OMV",69.9,"EUR"
"02.09.2026","OMV.VI",NA,"OMV",70.15,"EUR"
"03.09.2026","OMV.VI",NA,"OMV",68.85,"EUR"
"04.09.2026","OMV.VI",NA,"OMV",68.9,"EUR"
"07.09.2026","OMV.VI",NA,"OMV",69.6,"EUR"
"08.09.2026","OMV.VI",NA,"OMV",70.05,"EUR"
"09.09.2026","OMV.VI",NA,"OMV",70.85,"EUR"
"10.09.2026","OMV.VI",NA,"OMV",70.8,"EUR"
"11.09.2026","OMV.VI",NA,"OMV",71.85,"EUR"
"14.09.2026","OMV.VI",NA,"OMV",71.95,"EUR"
"15.09.2026","OMV.VI",NA,"OMV",72.45,"EUR"
"16.09.2026","OMV.VI",NA,"OMV",71.9,"EUR"
"17.09.2026","OMV.VI",NA,"OMV",72.15,"EUR"
"18.09.2026","OMV.VI",NA,"OMV",72.05,"EUR"
"21.09.2026","OMV.VI",NA,"OMV",70.7,"EUR"
"22.09.2026","OMV.VI",NA,"OMV",70.65,"EUR"
"23.09.2026","OMV.VI",NA,"OMV",71.25,"EUR"
"24.09.2026","OMV.VI",NA,"OMV",73.3,"EUR"
"13.08.2026","PK",NA,"Park Hotels & Resorts Inc",15.03,"USD"
"14.08.2026","PK",NA,"Park Hotels & Resorts Inc",15.13,"USD"
"17.08.2026","PK",NA,"Park Hotels & Resorts Inc",15,"USD"
"18.08.2026","PK",NA,"Park Hotels & Resorts Inc",15.37,"USD"
"19.08.2026","PK",NA,"Park Hotels & Resorts Inc",15.83,"USD"
"20.08.2026","PK",NA,"Park Hotels & Resorts Inc",15.82,"USD"
"21.08.2026","PK",NA,"Park Hotels & Resorts Inc",15.78,"USD"
"24.08.2026","PK",NA,"Park Hotels & Resorts Inc",15.86,"USD"
"25.08.2026","PK",NA,"Park Hotels & Resorts Inc",16.17,"USD"
"26.08.2026","PK",NA,"Park Hotels & Resorts Inc",15.93,"USD"
"27.08.2026","PK",NA,"Park Hotels & Resorts Inc",15.71,"USD"
"28.08.2026","PK",NA,"Park Hotels & Resorts Inc",15.83,"USD"
"31.08.2026","PK",NA,"Park Hotels & Resorts Inc",15.3,"USD"
"01.09.2026","PK",NA,"Park Hotels & Resorts Inc",15.22,"USD"
"02.09.2026","PK",NA,"Park Hotels & Resorts Inc",15.56,"USD"
"03.09.2026","PK",NA,"Park Hotels & Resorts Inc",15.08,"USD"
"04.09.2026","PK",NA,"Park Hotels & Resorts Inc",15.26,"USD"
"08.09.2026","PK",NA,"Park Hotels & Resorts Inc",15.11,"USD"
"09.09.2026","PK",NA,"Park Hotels & Resorts Inc",15.28,"USD"
"10.09.2026","PK",NA,"Park Hotels & Resorts Inc",15.32,"USD"
"11.09.2026","PK",NA,"Park Hotels & Resorts Inc",15.28,"USD"
"14.09.2026","PK",NA,"Park Hotels & Resorts Inc",15.32,"USD"
"15.09.2026","PK",NA,"Park Hotels & Resorts Inc",15.22,"USD"
"16.09.2026","PK",NA,"Park Hotels & Resorts Inc",14.88,"USD"
"17.09.2026","PK",NA,"Park Hotels & Resorts Inc",15.06,"USD"
"18.09.2026","PK",NA,"Park Hotels & Resorts Inc",14.99,"USD"
"21.09.2026","PK",NA,"Park Hotels & Resorts Inc",15.15,"USD"
"22.09.2026","PK",NA,"Park Hotels & Resorts Inc",NA,"USD"
"23.09.2026","PK",NA,"Park Hotels & Resorts Inc",15.07,"USD"
"24.09.2026","PK",NA,"Park Hotels & Resorts Inc",15.21,"USD"
"13.08.2026","PFE",NA,"Pfizer",26.8,"USD"
"14.08.2026","PFE",NA,"Pfizer",26.79,"USD"
"17.08.2026","PFE",NA,"Pfizer",26.87,"USD"
"18.08.2026","PFE",NA,"Pfizer",27.25,"USD"
"19.08.2026","PFE",NA,"Pfizer",28.24,"USD"
"20.08.2026","PFE",NA,"Pfizer",27.79,"USD"
"21.08.2026","PFE",NA,"Pfizer",28.07,"USD"
"24.08.2026","PFE",NA,"Pfizer",27.97,"USD"
"25.08.2026","PFE",NA,"Pfizer",28.57,"USD"
"26.08.2026","PFE",NA,"Pfizer",28.3,"USD"
"27.08.2026","PFE",NA,"Pfizer",28.02,"USD"
"28.08.2026","PFE",NA,"Pfizer",27.96,"USD"
"31.08.2026","PFE",NA,"Pfizer",28.46,"USD"
"01.09.2026","PFE",NA,"Pfizer",28.55,"USD"
"02.09.2026","PFE",NA,"Pfizer",29.02,"USD"
"03.09.2026","PFE",NA,"Pfizer",28.81,"USD"
"04.09.2026","PFE",NA,"Pfizer",28.45,"USD"
"08.09.2026","PFE",NA,"Pfizer",27.79,"USD"
"09.09.2026","PFE",NA,"Pfizer",27.78,"USD"
"10.09.2026","PFE",NA,"Pfizer",27.65,"USD"
"11.09.2026","PFE",NA,"Pfizer",27.72,"USD"
"14.09.2026","PFE",NA,"Pfizer",27.72,"USD"
"15.09.2026","PFE",NA,"Pfizer",27.55,"USD"
"16.09.2026","PFE",NA,"Pfizer",27.46,"USD"
"17.09.2026","PFE",NA,"Pfizer",27.64,"USD"
"18.09.2026","PFE",NA,"Pfizer",27.66,"USD"
"21.09.2026","PFE",NA,"Pfizer",27.74,"USD"
"22.09.2026","PFE",NA,"Pfizer",NA,"USD"
"23.09.2026","PFE",NA,"Pfizer",28.18,"USD"
"24.09.2026","PFE",NA,"Pfizer",28.41,"USD"
"13.08.2026","O",NA,"Realty Income",62.95,"USD"
"14.08.2026","O",NA,"Realty Income",62.74,"USD"
"17.08.2026","O",NA,"Realty Income",62.4,"USD"
"18.08.2026","O",NA,"Realty Income",62.21,"USD"
"19.08.2026","O",NA,"Realty Income",62.95,"USD"
"20.08.2026","O",NA,"Realty Income",63.17,"USD"
"21.08.2026","O",NA,"Realty Income",62.6,"USD"
"24.08.2026","O",NA,"Realty Income",63.17,"USD"
"25.08.2026","O",NA,"Realty Income",62.83,"USD"
"26.08.2026","O",NA,"Realty Income",62.26,"USD"
"27.08.2026","O",NA,"Realty Income",61.8,"USD"
"28.08.2026","O",NA,"Realty Income",61.98,"USD"
"31.08.2026","O",NA,"Realty Income",61.28,"USD"
"01.09.2026","O",NA,"Realty Income",61.36,"USD"
"02.09.2026","O",NA,"Realty Income",61.5,"USD"
"03.09.2026","O",NA,"Realty Income",61.74,"USD"
"04.09.2026","O",NA,"Realty Income",61.25,"USD"
"08.09.2026","O",NA,"Realty Income",61.02,"USD"
"09.09.2026","O",NA,"Realty Income",60.11,"USD"
"10.09.2026","O",NA,"Realty Income",59.57,"USD"
"11.09.2026","O",NA,"Realty Income",59.5,"USD"
"14.09.2026","O",NA,"Realty Income",59.27,"USD"
"15.09.2026","O",NA,"Realty Income",58.71,"USD"
"16.09.2026","O",NA,"Realty Income",57.15,"USD"
"17.09.2026","O",NA,"Realty Income",57.32,"USD"
"18.09.2026","O",NA,"Realty Income",56.66,"USD"
"21.09.2026","O",NA,"Realty Income",56.65,"USD"
"22.09.2026","O",NA,"Realty Income",NA,"USD"
"23.09.2026","O",NA,"Realty Income",55.61,"USD"
"24.09.2026","O",NA,"Realty Income",55.41,"USD"
"13.08.2026","SVC",NA,"Service Properties Trust",8.17,"USD"
"14.08.2026","SVC",NA,"Service Properties Trust",8.13,"USD"
"17.08.2026","SVC",NA,"Service Properties Trust",8.09,"USD"
"18.08.2026","SVC",NA,"Service Properties Trust",7.83,"USD"
"19.08.2026","SVC",NA,"Service Properties Trust",8,"USD"
"20.08.2026","SVC",NA,"Service Properties Trust",8.09,"USD"
"21.08.2026","SVC",NA,"Service Properties Trust",8.07,"USD"
"24.08.2026","SVC",NA,"Service Properties Trust",8.01,"USD"
"25.08.2026","SVC",NA,"Service Properties Trust",7.96,"USD"
"26.08.2026","SVC",NA,"Service Properties Trust",7.83,"USD"
"27.08.2026","SVC",NA,"Service Properties Trust",7.64,"USD"
"28.08.2026","SVC",NA,"Service Properties Trust",7.87,"USD"
"31.08.2026","SVC",NA,"Service Properties Trust",7.8,"USD"
"01.09.2026","SVC",NA,"Service Properties Trust",7.67,"USD"
"02.09.2026","SVC",NA,"Service Properties Trust",7.66,"USD"
"03.09.2026","SVC",NA,"Service Properties Trust",7.61,"USD"
"04.09.2026","SVC",NA,"Service Properties Trust",7.61,"USD"
"08.09.2026","SVC",NA,"Service Properties Trust",7.38,"USD"
"09.09.2026","SVC",NA,"Service Properties Trust",7.11,"USD"
"10.09.2026","SVC",NA,"Service Properties Trust",6.87,"USD"
"11.09.2026","SVC",NA,"Service Properties Trust",6.8,"USD"
"14.09.2026","SVC",NA,"Service Properties Trust",6.67,"USD"
"15.09.2026","SVC",NA,"Service Properties Trust",6.65,"USD"
"16.09.2026","SVC",NA,"Service Properties Trust",6.62,"USD"
"17.09.2026","SVC",NA,"Service Properties Trust",6.57,"USD"
"18.09.2026","SVC",NA,"Service Properties Trust",6.48,"USD"
"21.09.2026","SVC",NA,"Service Properties Trust",6.66,"USD"
"22.09.2026","SVC",NA,"Service Properties Trust",NA,"USD"
"23.09.2026","SVC",NA,"Service Properties Trust",6.55,"USD"
"24.09.2026","SVC",NA,"Service Properties Trust",6.48,"USD"
"13.08.2026","TGT",NA,"Target Corp",155.51,"USD"
"14.08.2026","TGT",NA,"Target Corp",154.48,"USD"
"17.08.2026","TGT",NA,"Target Corp",151.01,"USD"
"18.08.2026","TGT",NA,"Target Corp",152.48,"USD"
"19.08.2026","TGT",NA,"Target Corp",159,"USD"
"20.08.2026","TGT",NA,"Target Corp",158.25,"USD"
"21.08.2026","TGT",NA,"Target Corp",165.44,"USD"
"24.08.2026","TGT",NA,"Target Corp",169.89,"USD"
"25.08.2026","TGT",NA,"Target Corp",163.47,"USD"
"26.08.2026","TGT",NA,"Target Corp",164.04,"USD"
"27.08.2026","TGT",NA,"Target Corp",165.93,"USD"
"28.08.2026","TGT",NA,"Target Corp",163.18,"USD"
"31.08.2026","TGT",NA,"Target Corp",160.88,"USD"
"01.09.2026","TGT",NA,"Target Corp",163.75,"USD"
"02.09.2026","TGT",NA,"Target Corp",163.36,"USD"
"03.09.2026","TGT",NA,"Target Corp",164.01,"USD"
"04.09.2026","TGT",NA,"Target Corp",164.44,"USD"
"08.09.2026","TGT",NA,"Target Corp",162.71,"USD"
"09.09.2026","TGT",NA,"Target Corp",157.52,"USD"
"10.09.2026","TGT",NA,"Target Corp",155.73,"USD"
"11.09.2026","TGT",NA,"Target Corp",155.83,"USD"
"14.09.2026","TGT",NA,"Target Corp",158.7,"USD"
"15.09.2026","TGT",NA,"Target Corp",154.4,"USD"
"16.09.2026","TGT",NA,"Target Corp",154.68,"USD"
"17.09.2026","TGT",NA,"Target Corp",159.83,"USD"
"18.09.2026","TGT",NA,"Target Corp",158.19,"USD"
"21.09.2026","TGT",NA,"Target Corp",157.71,"USD"
"22.09.2026","TGT",NA,"Target Corp",NA,"USD"
"23.09.2026","TGT",NA,"Target Corp",156.26,"USD"
"24.09.2026","TGT",NA,"Target Corp",156.15,"USD"
"13.08.2026","VZ",NA,"Verizon",48.22,"USD"
"14.08.2026","VZ",NA,"Verizon",48.48,"USD"
"17.08.2026","VZ",NA,"Verizon",48.06,"USD"
"18.08.2026","VZ",NA,"Verizon",48.54,"USD"
"19.08.2026","VZ",NA,"Verizon",49.36,"USD"
"20.08.2026","VZ",NA,"Verizon",49.19,"USD"
"21.08.2026","VZ",NA,"Verizon",49.45,"USD"
"24.08.2026","VZ",NA,"Verizon",50.15,"USD"
"25.08.2026","VZ",NA,"Verizon",50.25,"USD"
"26.08.2026","VZ",NA,"Verizon",50.19,"USD"
"27.08.2026","VZ",NA,"Verizon",49.43,"USD"
"28.08.2026","VZ",NA,"Verizon",50.1,"USD"
"31.08.2026","VZ",NA,"Verizon",50.02,"USD"
"01.09.2026","VZ",NA,"Verizon",50.3,"USD"
"02.09.2026","VZ",NA,"Verizon",50.22,"USD"
"03.09.2026","VZ",NA,"Verizon",50.59,"USD"
"04.09.2026","VZ",NA,"Verizon",50.14,"USD"
"08.09.2026","VZ",NA,"Verizon",50.41,"USD"
"09.09.2026","VZ",NA,"Verizon",49.74,"USD"
"10.09.2026","VZ",NA,"Verizon",49.97,"USD"
"11.09.2026","VZ",NA,"Verizon",50.61,"USD"
"14.09.2026","VZ",NA,"Verizon",51.29,"USD"
"15.09.2026","VZ",NA,"Verizon",51.45,"USD"
"16.09.2026","VZ",NA,"Verizon",49.76,"USD"
"17.09.2026","VZ",NA,"Verizon",48.33,"USD"
"18.09.2026","VZ",NA,"Verizon",48.09,"USD"
"21.09.2026","VZ",NA,"Verizon",47.68,"USD"
"22.09.2026","VZ",NA,"Verizon",46.45,"USD"
"23.09.2026","VZ",NA,"Verizon",46.52,"USD"
"24.09.2026","VZ",NA,"Verizon",47.32,"USD"
"14.08.2026","VOW3.DE",NA,"Volkswagen AG",73.72,"EUR"
"17.08.2026","VOW3.DE",NA,"Volkswagen AG",73.22,"EUR"
"18.08.2026","VOW3.DE",NA,"Volkswagen AG",73,"EUR"
"19.08.2026","VOW3.DE",NA,"Volkswagen AG",74.84,"EUR"
"20.08.2026","VOW3.DE",NA,"Volkswagen AG",74.44,"EUR"
"21.08.2026","VOW3.DE",NA,"Volkswagen AG",75.02,"EUR"
"24.08.2026","VOW3.DE",NA,"Volkswagen AG",73.82,"EUR"
"25.08.2026","VOW3.DE",NA,"Volkswagen AG",73.3,"EUR"
"26.08.2026","VOW3.DE",NA,"Volkswagen AG",72.42,"EUR"
"27.08.2026","VOW3.DE",NA,"Volkswagen AG",75,"EUR"
"28.08.2026","VOW3.DE",NA,"Volkswagen AG",77.42,"EUR"
"31.08.2026","VOW3.DE",NA,"Volkswagen AG",77.68,"EUR"
"01.09.2026","VOW3.DE",NA,"Volkswagen AG",76.58,"EUR"
"02.09.2026","VOW3.DE",NA,"Volkswagen AG",73.7,"EUR"
"03.09.2026","VOW3.DE",NA,"Volkswagen AG",76.36,"EUR"
"04.09.2026","VOW3.DE",NA,"Volkswagen AG",81.3,"EUR"
"07.09.2026","VOW3.DE",NA,"Volkswagen AG",81.02,"EUR"
"08.09.2026","VOW3.DE",NA,"Volkswagen AG",83.1,"EUR"
"09.09.2026","VOW3.DE",NA,"Volkswagen AG",81.7,"EUR"
"10.09.2026","VOW3.DE",NA,"Volkswagen AG",81.18,"EUR"
"11.09.2026","VOW3.DE",NA,"Volkswagen AG",81.18,"EUR"
"14.09.2026","VOW3.DE",NA,"Volkswagen AG",81.46,"EUR"
"15.09.2026","VOW3.DE",NA,"Volkswagen AG",81.02,"EUR"
"16.09.2026","VOW3.DE",NA,"Volkswagen AG",78.88,"EUR"
"17.09.2026","VOW3.DE",NA,"Volkswagen AG",81.04,"EUR"
"18.09.2026","VOW3.DE",NA,"Volkswagen AG",76.52,"EUR"
"21.09.2026","VOW3.DE",NA,"Volkswagen AG",74.98,"EUR"
"22.09.2026","VOW3.DE",NA,"Volkswagen AG",75.22,"EUR"
"23.09.2026","VOW3.DE",NA,"Volkswagen AG",72.9,"EUR"
"24.09.2026","VOW3.DE",NA,"Volkswagen AG",70.82,"EUR"
"14.08.2026","BNP.PA",NA,"BNP Paribas SA",112.1,"EUR"
"17.08.2026","BNP.PA",NA,"BNP Paribas SA",111.14,"EUR"
"18.08.2026","BNP.PA",NA,"BNP Paribas SA",109.4,"EUR"
"19.08.2026","BNP.PA",NA,"BNP Paribas SA",106.78,"EUR"
"20.08.2026","BNP.PA",NA,"BNP Paribas SA",105.96,"EUR"
"21.08.2026","BNP.PA",NA,"BNP Paribas SA",107.5,"EUR"
"24.08.2026","BNP.PA",NA,"BNP Paribas SA",106.8,"EUR"
"25.08.2026","BNP.PA",NA,"BNP Paribas SA",104.44,"EUR"
"26.08.2026","BNP.PA",NA,"BNP Paribas SA",105.72,"EUR"
"27.08.2026","BNP.PA",NA,"BNP Paribas SA",100.66,"EUR"
"28.08.2026","BNP.PA",NA,"BNP Paribas SA",102.56,"EUR"
"31.08.2026","BNP.PA",NA,"BNP Paribas SA",102.78,"EUR"
"01.09.2026","BNP.PA",NA,"BNP Paribas SA",102.6,"EUR"
"02.09.2026","BNP.PA",NA,"BNP Paribas SA",103.1,"EUR"
"03.09.2026","BNP.PA",NA,"BNP Paribas SA",104.14,"EUR"
"04.09.2026","BNP.PA",NA,"BNP Paribas SA",104.54,"EUR"
"07.09.2026","BNP.PA",NA,"BNP Paribas SA",104.54,"EUR"
"08.09.2026","BNP.PA",NA,"BNP Paribas SA",103.88,"EUR"
"09.09.2026","BNP.PA",NA,"BNP Paribas SA",102.76,"EUR"
"10.09.2026","BNP.PA",NA,"BNP Paribas SA",102.64,"EUR"
"11.09.2026","BNP.PA",NA,"BNP Paribas SA",103.76,"EUR"
"14.09.2026","BNP.PA",NA,"BNP Paribas SA",102.8,"EUR"
"15.09.2026","BNP.PA",NA,"BNP Paribas SA",101.3,"EUR"
"16.09.2026","BNP.PA",NA,"BNP Paribas SA",102.32,"EUR"
"17.09.2026","BNP.PA",NA,"BNP Paribas SA",103.78,"EUR"
"18.09.2026","BNP.PA",NA,"BNP Paribas SA",100.74,"EUR"
"21.09.2026","BNP.PA",NA,"BNP Paribas SA",101.1,"EUR"
"22.09.2026","BNP.PA",NA,"BNP Paribas SA",101.3,"EUR"
"23.09.2026","BNP.PA",NA,"BNP Paribas SA",100.2,"EUR"
"24.09.2026","BNP.PA",NA,"BNP Paribas SA",98.43,"EUR"
"14.08.2026","0291.HK",NA,"China Resources Beer",22.28,"HKD"
"17.08.2026","0291.HK",NA,"China Resources Beer",22.16,"HKD"
"18.08.2026","0291.HK",NA,"China Resources Beer",22.16,"HKD"
"19.08.2026","0291.HK",NA,"China Resources Beer",21.06,"HKD"
"20.08.2026","0291.HK",NA,"China Resources Beer",20.54,"HKD"
"21.08.2026","0291.HK",NA,"China Resources Beer",21.12,"HKD"
"24.08.2026","0291.HK",NA,"China Resources Beer",21.02,"HKD"
"25.08.2026","0291.HK",NA,"China Resources Beer",20.88,"HKD"
"26.08.2026","0291.HK",NA,"China Resources Beer",20.42,"HKD"
"27.08.2026","0291.HK",NA,"China Resources Beer",19.77,"HKD"
"28.08.2026","0291.HK",NA,"China Resources Beer",19.83,"HKD"
"31.08.2026","0291.HK",NA,"China Resources Beer",19.32,"HKD"
"01.09.2026","0291.HK",NA,"China Resources Beer",18.69,"HKD"
"02.09.2026","0291.HK",NA,"China Resources Beer",18.61,"HKD"
"03.09.2026","0291.HK",NA,"China Resources Beer",18.68,"HKD"
"04.09.2026","0291.HK",NA,"China Resources Beer",18.88,"HKD"
"07.09.2026","0291.HK",NA,"China Resources Beer",18.9,"HKD"
"08.09.2026","0291.HK",NA,"China Resources Beer",19.31,"HKD"
"09.09.2026","0291.HK",NA,"China Resources Beer",19.02,"HKD"
"10.09.2026","0291.HK",NA,"China Resources Beer",18.68,"HKD"
"11.09.2026","0291.HK",NA,"China Resources Beer",18.34,"HKD"
"14.09.2026","0291.HK",NA,"China Resources Beer",18.3,"HKD"
"15.09.2026","0291.HK",NA,"China Resources Beer",18.23,"HKD"
"16.09.2026","0291.HK",NA,"China Resources Beer",18.17,"HKD"
"17.09.2026","0291.HK",NA,"China Resources Beer",18.17,"HKD"
"18.09.2026","0291.HK",NA,"China Resources Beer",18.22,"HKD"
"21.09.2026","0291.HK",NA,"China Resources Beer",18.47,"HKD"
"22.09.2026","0291.HK",NA,"China Resources Beer",18.35,"HKD"
"23.09.2026","0291.HK",NA,"China Resources Beer",18.61,"HKD"
"24.09.2026","0291.HK",NA,"China Resources Beer",18.71,"HKD"
"14.08.2026","CSG.AS",NA,"CSG N.V.",19.516,"EUR"
"17.08.2026","CSG.AS",NA,"CSG N.V.",19.94,"EUR"
"18.08.2026","CSG.AS",NA,"CSG N.V.",19.55,"EUR"
"19.08.2026","CSG.AS",NA,"CSG N.V.",19.55,"EUR"
"20.08.2026","CSG.AS",NA,"CSG N.V.",18.916,"EUR"
"21.08.2026","CSG.AS",NA,"CSG N.V.",18.482,"EUR"
"24.08.2026","CSG.AS",NA,"CSG N.V.",18.492,"EUR"
"25.08.2026","CSG.AS",NA,"CSG N.V.",18.718,"EUR"
"26.08.2026","CSG.AS",NA,"CSG N.V.",18.564,"EUR"
"27.08.2026","CSG.AS",NA,"CSG N.V.",19.088,"EUR"
"28.08.2026","CSG.AS",NA,"CSG N.V.",18.66,"EUR"
"31.08.2026","CSG.AS",NA,"CSG N.V.",18.13,"EUR"
"01.09.2026","CSG.AS",NA,"CSG N.V.",17.354,"EUR"
"02.09.2026","CSG.AS",NA,"CSG N.V.",17.268,"EUR"
"03.09.2026","CSG.AS",NA,"CSG N.V.",17.032,"EUR"
"04.09.2026","CSG.AS",NA,"CSG N.V.",16.602,"EUR"
"07.09.2026","CSG.AS",NA,"CSG N.V.",16.27,"EUR"
"08.09.2026","CSG.AS",NA,"CSG N.V.",16.77,"EUR"
"09.09.2026","CSG.AS",NA,"CSG N.V.",16.27,"EUR"
"10.09.2026","CSG.AS",NA,"CSG N.V.",16.432,"EUR"
"11.09.2026","CSG.AS",NA,"CSG N.V.",15.644,"EUR"
"14.09.2026","CSG.AS",NA,"CSG N.V.",15.77,"EUR"
"15.09.2026","CSG.AS",NA,"CSG N.V.",15.918,"EUR"
"16.09.2026","CSG.AS",NA,"CSG N.V.",15.792,"EUR"
"17.09.2026","CSG.AS",NA,"CSG N.V.",16.086,"EUR"
"18.09.2026","CSG.AS",NA,"CSG N.V.",15.432,"EUR"
"21.09.2026","CSG.AS",NA,"CSG N.V.",15.212,"EUR"
"22.09.2026","CSG.AS",NA,"CSG N.V.",15.134,"EUR"
"23.09.2026","CSG.AS",NA,"CSG N.V.",15.99,"EUR"
"24.09.2026","CSG.AS",NA,"CSG N.V.",15.034,"EUR"
"14.08.2026","PEN.PR",NA,"Photon Energy",7.18,"CZK"
"17.08.2026","PEN.PR",NA,"Photon Energy",7.14,"CZK"
"18.08.2026","PEN.PR",NA,"Photon Energy",6.9,"CZK"
"19.08.2026","PEN.PR",NA,"Photon Energy",6.92,"CZK"
"20.08.2026","PEN.PR",NA,"Photon Energy",7.4,"CZK"
"21.08.2026","PEN.PR",NA,"Photon Energy",7.2,"CZK"
"24.08.2026","PEN.PR",NA,"Photon Energy",7.2,"CZK"
"25.08.2026","PEN.PR",NA,"Photon Energy",7.48,"CZK"
"26.08.2026","PEN.PR",NA,"Photon Energy",7.3,"CZK"
"27.08.2026","PEN.PR",NA,"Photon Energy",7.2,"CZK"
"28.08.2026","PEN.PR",NA,"Photon Energy",6.96,"CZK"
"31.08.2026","PEN.PR",NA,"Photon Energy",7.4,"CZK"
"01.09.2026","PEN.PR",NA,"Photon Energy",7.1,"CZK"
"02.09.2026","PEN.PR",NA,"Photon Energy",7.18,"CZK"
"03.09.2026","PEN.PR",NA,"Photon Energy",7.18,"CZK"
"04.09.2026","PEN.PR",NA,"Photon Energy",6.58,"CZK"
"07.09.2026","PEN.PR",NA,"Photon Energy",7.08,"CZK"
"08.09.2026","PEN.PR",NA,"Photon Energy",6.8,"CZK"
"09.09.2026","PEN.PR",NA,"Photon Energy",7.08,"CZK"
"10.09.2026","PEN.PR",NA,"Photon Energy",7.18,"CZK"
"11.09.2026","PEN.PR",NA,"Photon Energy",7,"CZK"
"14.09.2026","PEN.PR",NA,"Photon Energy",7.2,"CZK"
"15.09.2026","PEN.PR",NA,"Photon Energy",7.2,"CZK"
"16.09.2026","PEN.PR",NA,"Photon Energy",6.9,"CZK"
"17.09.2026","PEN.PR",NA,"Photon Energy",6.9,"CZK"
"18.09.2026","PEN.PR",NA,"Photon Energy",7.18,"CZK"
"21.09.2026","PEN.PR",NA,"Photon Energy",6.8,"CZK"
"22.09.2026","PEN.PR",NA,"Photon Energy",6.76,"CZK"
"23.09.2026","PEN.PR",NA,"Photon Energy",6.98,"CZK"
"24.09.2026","PEN.PR",NA,"Photon Energy",6.6,"CZK"
"14.08.2026","SOBA.DE","US00206R1023","AT&T Inc. (Tradegate / EUR)",21.475,"EUR"
"17.08.2026","SOBA.DE","US00206R1023","AT&T Inc. (Tradegate / EUR)",21.395,"EUR"
"18.08.2026","SOBA.DE","US00206R1023","AT&T Inc. (Tradegate / EUR)",21.635,"EUR"
"19.08.2026","SOBA.DE","US00206R1023","AT&T Inc. (Tradegate / EUR)",21.74,"EUR"
"20.08.2026","SOBA.DE","US00206R1023","AT&T Inc. (Tradegate / EUR)",21.5,"EUR"
"21.08.2026","SOBA.DE","US00206R1023","AT&T Inc. (Tradegate / EUR)",21.79,"EUR"
"24.08.2026","SOBA.DE","US00206R1023","AT&T Inc. (Tradegate / EUR)",21.98,"EUR"
"25.08.2026","SOBA.DE","US00206R1023","AT&T Inc. (Tradegate / EUR)",22.03,"EUR"
"26.08.2026","SOBA.DE","US00206R1023","AT&T Inc. (Tradegate / EUR)",22.235,"EUR"
"27.08.2026","SOBA.DE","US00206R1023","AT&T Inc. (Tradegate / EUR)",21.915,"EUR"
"28.08.2026","SOBA.DE","US00206R1023","AT&T Inc. (Tradegate / EUR)",22.31,"EUR"
"31.08.2026","SOBA.DE","US00206R1023","AT&T Inc. (Tradegate / EUR)",22.485,"EUR"
"01.09.2026","SOBA.DE","US00206R1023","AT&T Inc. (Tradegate / EUR)",22.495,"EUR"
"02.09.2026","SOBA.DE","US00206R1023","AT&T Inc. (Tradegate / EUR)",22.75,"EUR"
"03.09.2026","SOBA.DE","US00206R1023","AT&T Inc. (Tradegate / EUR)",22.275,"EUR"
"04.09.2026","SOBA.DE","US00206R1023","AT&T Inc. (Tradegate / EUR)",22.3,"EUR"
"07.09.2026","SOBA.DE","US00206R1023","AT&T Inc. (Tradegate / EUR)",21.85,"EUR"
"08.09.2026","SOBA.DE","US00206R1023","AT&T Inc. (Tradegate / EUR)",22.06,"EUR"
"09.09.2026","SOBA.DE","US00206R1023","AT&T Inc. (Tradegate / EUR)",21.505,"EUR"
"10.09.2026","SOBA.DE","US00206R1023","AT&T Inc. (Tradegate / EUR)",21.95,"EUR"
"11.09.2026","SOBA.DE","US00206R1023","AT&T Inc. (Tradegate / EUR)",22.56,"EUR"
"14.09.2026","SOBA.DE","US00206R1023","AT&T Inc. (Tradegate / EUR)",22.69,"EUR"
"15.09.2026","SOBA.DE","US00206R1023","AT&T Inc. (Tradegate / EUR)",23.16,"EUR"
"16.09.2026","SOBA.DE","US00206R1023","AT&T Inc. (Tradegate / EUR)",22.96,"EUR"
"17.09.2026","SOBA.DE","US00206R1023","AT&T Inc. (Tradegate / EUR)",22.23,"EUR"
"18.09.2026","SOBA.DE","US00206R1023","AT&T Inc. (Tradegate / EUR)",22.285,"EUR"
"21.09.2026","SOBA.DE","US00206R1023","AT&T Inc. (Tradegate / EUR)",22.445,"EUR"
"22.09.2026","SOBA.DE","US00206R1023","AT&T Inc. (Tradegate / EUR)",22.015,"EUR"
"23.09.2026","SOBA.DE","US00206R1023","AT&T Inc. (Tradegate / EUR)",22.295,"EUR"
"24.09.2026","SOBA.DE","US00206R1023","AT&T Inc. (Tradegate / EUR)",22.58,"EUR"
"13.08.2026","VUAG","IE00BFMXXD54","Vanguard S&P 500 UCITS ETF (USD) Acc",111.44,"GBP"
"14.08.2026","VUAG","IE00BFMXXD54","Vanguard S&P 500 UCITS ETF (USD) Acc",110.98,"GBP"
"17.08.2026","VUAG","IE00BFMXXD54","Vanguard S&P 500 UCITS ETF (USD) Acc",110.8,"GBP"
"18.08.2026","VUAG","IE00BFMXXD54","Vanguard S&P 500 UCITS ETF (USD) Acc",109.88,"GBP"
"19.08.2026","VUAG","IE00BFMXXD54","Vanguard S&P 500 UCITS ETF (USD) Acc",109.74,"GBP"
"20.08.2026","VUAG","IE00BFMXXD54","Vanguard S&P 500 UCITS ETF (USD) Acc",108.84,"GBP"
"21.08.2026","VUAG","IE00BFMXXD54","Vanguard S&P 500 UCITS ETF (USD) Acc",108.88,"GBP"
"24.08.2026","VUAG","IE00BFMXXD54","Vanguard S&P 500 UCITS ETF (USD) Acc",108.5,"GBP"
"25.08.2026","VUAG","IE00BFMXXD54","Vanguard S&P 500 UCITS ETF (USD) Acc",108.72,"GBP"
"26.08.2026","VUAG","IE00BFMXXD54","Vanguard S&P 500 UCITS ETF (USD) Acc",109.08,"GBP"
"27.08.2026","VUAG","IE00BFMXXD54","Vanguard S&P 500 UCITS ETF (USD) Acc",109.84,"GBP"
"28.08.2026","VUAG","IE00BFMXXD54","Vanguard S&P 500 UCITS ETF (USD) Acc",110.66,"GBP"
"01.09.2026","VUAG","IE00BFMXXD54","Vanguard S&P 500 UCITS ETF (USD) Acc",109.36,"GBP"
"02.09.2026","VUAG","IE00BFMXXD54","Vanguard S&P 500 UCITS ETF (USD) Acc",109.92,"GBP"
"03.09.2026","VUAG","IE00BFMXXD54","Vanguard S&P 500 UCITS ETF (USD) Acc",110.62,"GBP"
"04.09.2026","VUAG","IE00BFMXXD54","Vanguard S&P 500 UCITS ETF (USD) Acc",110.22,"GBP"
"07.09.2026","VUAG","IE00BFMXXD54","Vanguard S&P 500 UCITS ETF (USD) Acc",109.94,"GBP"
"08.09.2026","VUAG","IE00BFMXXD54","Vanguard S&P 500 UCITS ETF (USD) Acc",109.84,"GBP"
"09.09.2026","VUAG","IE00BFMXXD54","Vanguard S&P 500 UCITS ETF (USD) Acc",109,"GBP"
"10.09.2026","VUAG","IE00BFMXXD54","Vanguard S&P 500 UCITS ETF (USD) Acc",108.76,"GBP"
"11.09.2026","VUAG","IE00BFMXXD54","Vanguard S&P 500 UCITS ETF (USD) Acc",109.74,"GBP"
"14.09.2026","VUAG","IE00BFMXXD54","Vanguard S&P 500 UCITS ETF (USD) Acc",109.32,"GBP"
"15.09.2026","VUAG","IE00BFMXXD54","Vanguard S&P 500 UCITS ETF (USD) Acc",108.82,"GBP"
"16.09.2026","VUAG","IE00BFMXXD54","Vanguard S&P 500 UCITS ETF (USD) Acc",109.52,"GBP"
"17.09.2026","VUAG","IE00BFMXXD54","Vanguard S&P 500 UCITS ETF (USD) Acc",110.62,"GBP"
"18.09.2026","VUAG","IE00BFMXXD54","Vanguard S&P 500 UCITS ETF (USD) Acc",110.3,"GBP"
"21.09.2026","VUAG","IE00BFMXXD54","Vanguard S&P 500 UCITS ETF (USD) Acc",111.8,"GBP"
"22.09.2026","VUAG","IE00BFMXXD54","Vanguard S&P 500 UCITS ETF (USD) Acc",112.56,"GBP"
"23.09.2026","VUAG","IE00BFMXXD54","Vanguard S&P 500 UCITS ETF (USD) Acc",112.66,"GBP"
"24.09.2026","VUAG","IE00BFMXXD54","Vanguard S&P 500 UCITS ETF (USD) Acc",NA,"GBP"
"13.08.2026","EEWD","IE00BG11HV38","iShares MSCI World ESG Enhanced CTB",11.736,"USD"
"14.08.2026","EEWD","IE00BG11HV38","iShares MSCI World ESG Enhanced CTB",11.743,"USD"
"17.08.2026","EEWD","IE00BG11HV38","iShares MSCI World ESG Enhanced CTB",11.726,"USD"
"18.08.2026","EEWD","IE00BG11HV38","iShares MSCI World ESG Enhanced CTB",11.612,"USD"
"19.08.2026","EEWD","IE00BG11HV38","iShares MSCI World ESG Enhanced CTB",11.659,"USD"
"20.08.2026","EEWD","IE00BG11HV38","iShares MSCI World ESG Enhanced CTB",11.608,"USD"
"21.08.2026","EEWD","IE00BG11HV38","iShares MSCI World ESG Enhanced CTB",11.617,"USD"
"24.08.2026","EEWD","IE00BG11HV38","iShares MSCI World ESG Enhanced CTB",11.596,"USD"
"25.08.2026","EEWD","IE00BG11HV38","iShares MSCI World ESG Enhanced CTB",11.629,"USD"
"26.08.2026","EEWD","IE00BG11HV38","iShares MSCI World ESG Enhanced CTB",11.628,"USD"
"27.08.2026","EEWD","IE00BG11HV38","iShares MSCI World ESG Enhanced CTB",11.668,"USD"
"28.08.2026","EEWD","IE00BG11HV38","iShares MSCI World ESG Enhanced CTB",11.73,"USD"
"01.09.2026","EEWD","IE00BG11HV38","iShares MSCI World ESG Enhanced CTB",11.55,"USD"
"02.09.2026","EEWD","IE00BG11HV38","iShares MSCI World ESG Enhanced CTB",11.581,"USD"
"03.09.2026","EEWD","IE00BG11HV38","iShares MSCI World ESG Enhanced CTB",11.696,"USD"
"04.09.2026","EEWD","IE00BG11HV38","iShares MSCI World ESG Enhanced CTB",11.657,"USD"
"07.09.2026","EEWD","IE00BG11HV38","iShares MSCI World ESG Enhanced CTB",11.647,"USD"
"08.09.2026","EEWD","IE00BG11HV38","iShares MSCI World ESG Enhanced CTB",11.628,"USD"
"09.09.2026","EEWD","IE00BG11HV38","iShares MSCI World ESG Enhanced CTB",11.526,"USD"
"10.09.2026","EEWD","IE00BG11HV38","iShares MSCI World ESG Enhanced CTB",11.465,"USD"
"11.09.2026","EEWD","IE00BG11HV38","iShares MSCI World ESG Enhanced CTB",11.551,"USD"
"14.09.2026","EEWD","IE00BG11HV38","iShares MSCI World ESG Enhanced CTB",11.47,"USD"
"15.09.2026","EEWD","IE00BG11HV38","iShares MSCI World ESG Enhanced CTB",11.401,"USD"
"16.09.2026","EEWD","IE00BG11HV38","iShares MSCI World ESG Enhanced CTB",11.464,"USD"
"17.09.2026","EEWD","IE00BG11HV38","iShares MSCI World ESG Enhanced CTB",11.482,"USD"
"18.09.2026","EEWD","IE00BG11HV38","iShares MSCI World ESG Enhanced CTB",11.444,"USD"
"21.09.2026","EEWD","IE00BG11HV38","iShares MSCI World ESG Enhanced CTB",11.589,"USD"
"22.09.2026","EEWD","IE00BG11HV38","iShares MSCI World ESG Enhanced CTB",11.64,"USD"
"23.09.2026","EEWD","IE00BG11HV38","iShares MSCI World ESG Enhanced CTB",11.554,"USD"
"24.09.2026","EEWD","IE00BG11HV38","iShares MSCI World ESG Enhanced CTB",NA,"USD"
"13.08.2026","IWDE","IE00B441G979","iShares MSCI World EUR Hedged",121.625,"EUR"
"14.08.2026","IWDE","IE00B441G979","iShares MSCI World EUR Hedged",121.56,"EUR"
"17.08.2026","IWDE","IE00B441G979","iShares MSCI World EUR Hedged",121.39,"EUR"
"18.08.2026","IWDE","IE00B441G979","iShares MSCI World EUR Hedged",120.2,"EUR"
"19.08.2026","IWDE","IE00B441G979","iShares MSCI World EUR Hedged",120.39,"EUR"
"20.08.2026","IWDE","IE00B441G979","iShares MSCI World EUR Hedged",119.74,"EUR"
"21.08.2026","IWDE","IE00B441G979","iShares MSCI World EUR Hedged",120,"EUR"
"24.08.2026","IWDE","IE00B441G979","iShares MSCI World EUR Hedged",119.73,"EUR"
"25.08.2026","IWDE","IE00B441G979","iShares MSCI World EUR Hedged",120.02,"EUR"
"26.08.2026","IWDE","IE00B441G979","iShares MSCI World EUR Hedged",119.99,"EUR"
"27.08.2026","IWDE","IE00B441G979","iShares MSCI World EUR Hedged",120.44,"EUR"
"28.08.2026","IWDE","IE00B441G979","iShares MSCI World EUR Hedged",121.03,"EUR"
"01.09.2026","IWDE","IE00B441G979","iShares MSCI World EUR Hedged",119.47,"EUR"
"02.09.2026","IWDE","IE00B441G979","iShares MSCI World EUR Hedged",119.63,"EUR"
"03.09.2026","IWDE","IE00B441G979","iShares MSCI World EUR Hedged",120.65,"EUR"
"04.09.2026","IWDE","IE00B441G979","iShares MSCI World EUR Hedged",120.305,"EUR"
"07.09.2026","IWDE","IE00B441G979","iShares MSCI World EUR Hedged",120.15,"EUR"
"08.09.2026","IWDE","IE00B441G979","iShares MSCI World EUR Hedged",119.95,"EUR"
"09.09.2026","IWDE","IE00B441G979","iShares MSCI World EUR Hedged",118.87,"EUR"
"10.09.2026","IWDE","IE00B441G979","iShares MSCI World EUR Hedged",118.385,"EUR"
"11.09.2026","IWDE","IE00B441G979","iShares MSCI World EUR Hedged",119.285,"EUR"
"14.09.2026","IWDE","IE00B441G979","iShares MSCI World EUR Hedged",118.455,"EUR"
"15.09.2026","IWDE","IE00B441G979","iShares MSCI World EUR Hedged",118.05,"EUR"
"16.09.2026","IWDE","IE00B441G979","iShares MSCI World EUR Hedged",118.59,"EUR"
"17.09.2026","IWDE","IE00B441G979","iShares MSCI World EUR Hedged",118.98,"EUR"
"18.09.2026","IWDE","IE00B441G979","iShares MSCI World EUR Hedged",118.625,"EUR"
"21.09.2026","IWDE","IE00B441G979","iShares MSCI World EUR Hedged",120.105,"EUR"
"22.09.2026","IWDE","IE00B441G979","iShares MSCI World EUR Hedged",120.61,"EUR"
"23.09.2026","IWDE","IE00B441G979","iShares MSCI World EUR Hedged",120.01,"EUR"
"24.09.2026","IWDE","IE00B441G979","iShares MSCI World EUR Hedged",NA,"EUR"
"13.08.2026","EDG2","IE00BHZPJ239","iShares MSCI EM ESG Enhanced",7.023,"USD"
"14.08.2026","EDG2","IE00BHZPJ239","iShares MSCI EM ESG Enhanced",6.982,"USD"
"17.08.2026","EDG2","IE00BHZPJ239","iShares MSCI EM ESG Enhanced",7.1,"USD"
"18.08.2026","EDG2","IE00BHZPJ239","iShares MSCI EM ESG Enhanced",6.884,"USD"
"19.08.2026","EDG2","IE00BHZPJ239","iShares MSCI EM ESG Enhanced",6.916,"USD"
"20.08.2026","EDG2","IE00BHZPJ239","iShares MSCI EM ESG Enhanced",6.929,"USD"
"21.08.2026","EDG2","IE00BHZPJ239","iShares MSCI EM ESG Enhanced",7.015,"USD"
"24.08.2026","EDG2","IE00BHZPJ239","iShares MSCI EM ESG Enhanced",6.895,"USD"
"25.08.2026","EDG2","IE00BHZPJ239","iShares MSCI EM ESG Enhanced",7.003,"USD"
"26.08.2026","EDG2","IE00BHZPJ239","iShares MSCI EM ESG Enhanced",7.025,"USD"
"27.08.2026","EDG2","IE00BHZPJ239","iShares MSCI EM ESG Enhanced",7.039,"USD"
"28.08.2026","EDG2","IE00BHZPJ239","iShares MSCI EM ESG Enhanced",7.07,"USD"
"01.09.2026","EDG2","IE00BHZPJ239","iShares MSCI EM ESG Enhanced",7.05,"USD"
"02.09.2026","EDG2","IE00BHZPJ239","iShares MSCI EM ESG Enhanced",7.033,"USD"
"03.09.2026","EDG2","IE00BHZPJ239","iShares MSCI EM ESG Enhanced",7.046,"USD"
"04.09.2026","EDG2","IE00BHZPJ239","iShares MSCI EM ESG Enhanced",7.167,"USD"
"07.09.2026","EDG2","IE00BHZPJ239","iShares MSCI EM ESG Enhanced",7.188,"USD"
"08.09.2026","EDG2","IE00BHZPJ239","iShares MSCI EM ESG Enhanced",7.209,"USD"
"09.09.2026","EDG2","IE00BHZPJ239","iShares MSCI EM ESG Enhanced",7.164,"USD"
"10.09.2026","EDG2","IE00BHZPJ239","iShares MSCI EM ESG Enhanced",7.066,"USD"
"11.09.2026","EDG2","IE00BHZPJ239","iShares MSCI EM ESG Enhanced",7.132,"USD"
"14.09.2026","EDG2","IE00BHZPJ239","iShares MSCI EM ESG Enhanced",6.9455,"USD"
"15.09.2026","EDG2","IE00BHZPJ239","iShares MSCI EM ESG Enhanced",6.9115,"USD"
"16.09.2026","EDG2","IE00BHZPJ239","iShares MSCI EM ESG Enhanced",6.997,"USD"
"17.09.2026","EDG2","IE00BHZPJ239","iShares MSCI EM ESG Enhanced",7.109,"USD"
"18.09.2026","EDG2","IE00BHZPJ239","iShares MSCI EM ESG Enhanced",7.0745,"USD"
"21.09.2026","EDG2","IE00BHZPJ239","iShares MSCI EM ESG Enhanced",7.28,"USD"
"22.09.2026","EDG2","IE00BHZPJ239","iShares MSCI EM ESG Enhanced",7.323,"USD"
"23.09.2026","EDG2","IE00BHZPJ239","iShares MSCI EM ESG Enhanced",7.28,"USD"
"24.09.2026","EDG2","IE00BHZPJ239","iShares MSCI EM ESG Enhanced",NA,"USD"
"13.08.2026","IGLO","IE00BKT6FT27","iShares Global Govt Bond",87.16,"USD"
"14.08.2026","IGLO","IE00BKT6FT27","iShares Global Govt Bond",86.93,"USD"
"17.08.2026","IGLO","IE00BKT6FT27","iShares Global Govt Bond",86.89,"USD"
"18.08.2026","IGLO","IE00BKT6FT27","iShares Global Govt Bond",86.62,"USD"
"19.08.2026","IGLO","IE00BKT6FT27","iShares Global Govt Bond",87.27,"USD"
"20.08.2026","IGLO","IE00BKT6FT27","iShares Global Govt Bond",87.145,"USD"
"21.08.2026","IGLO","IE00BKT6FT27","iShares Global Govt Bond",87.1,"USD"
"24.08.2026","IGLO","IE00BKT6FT27","iShares Global Govt Bond",87.165,"USD"
"25.08.2026","IGLO","IE00BKT6FT27","iShares Global Govt Bond",87.46,"USD"
"26.08.2026","IGLO","IE00BKT6FT27","iShares Global Govt Bond",87.17,"USD"
"27.08.2026","IGLO","IE00BKT6FT27","iShares Global Govt Bond",87.3,"USD"
"28.08.2026","IGLO","IE00BKT6FT27","iShares Global Govt Bond",86.86,"USD"
"01.09.2026","IGLO","IE00BKT6FT27","iShares Global Govt Bond",86.53,"USD"
"02.09.2026","IGLO","IE00BKT6FT27","iShares Global Govt Bond",86.56,"USD"
"03.09.2026","IGLO","IE00BKT6FT27","iShares Global Govt Bond",87.16,"USD"
"04.09.2026","IGLO","IE00BKT6FT27","iShares Global Govt Bond",87.01,"USD"
"07.09.2026","IGLO","IE00BKT6FT27","iShares Global Govt Bond",86.95,"USD"
"08.09.2026","IGLO","IE00BKT6FT27","iShares Global Govt Bond",87.03,"USD"
"09.09.2026","IGLO","IE00BKT6FT27","iShares Global Govt Bond",86.77,"USD"
"10.09.2026","IGLO","IE00BKT6FT27","iShares Global Govt Bond",86.43,"USD"
"11.09.2026","IGLO","IE00BKT6FT27","iShares Global Govt Bond",86.385,"USD"
"14.09.2026","IGLO","IE00BKT6FT27","iShares Global Govt Bond",86.06,"USD"
"15.09.2026","IGLO","IE00BKT6FT27","iShares Global Govt Bond",85.915,"USD"
"16.09.2026","IGLO","IE00BKT6FT27","iShares Global Govt Bond",85.96,"USD"
"17.09.2026","IGLO","IE00BKT6FT27","iShares Global Govt Bond",86.02,"USD"
"18.09.2026","IGLO","IE00BKT6FT27","iShares Global Govt Bond",85.57,"USD"
"21.09.2026","IGLO","IE00BKT6FT27","iShares Global Govt Bond",85.86,"USD"
"22.09.2026","IGLO","IE00BKT6FT27","iShares Global Govt Bond",85.67,"USD"
"23.09.2026","IGLO","IE00BKT6FT27","iShares Global Govt Bond",85,"USD"
"24.09.2026","IGLO","IE00BKT6FT27","iShares Global Govt Bond",NA,"USD"
NA,"HYLE","IE00BJSFR200","iShares Global High Yield Corp Bond",NA,"EUR"
"13.08.2026","CORP","IE00BJSFQW37","iShares Global Corp Bond",89.305,"USD"
"14.08.2026","CORP","IE00BJSFQW37","iShares Global Corp Bond",89.135,"USD"
"17.08.2026","CORP","IE00BJSFQW37","iShares Global Corp Bond",88.98,"USD"
"18.08.2026","CORP","IE00BJSFQW37","iShares Global Corp Bond",88.845,"USD"
"19.08.2026","CORP","IE00BJSFQW37","iShares Global Corp Bond",89.3,"USD"
"20.08.2026","CORP","IE00BJSFQW37","iShares Global Corp Bond",89.295,"USD"
"21.08.2026","CORP","IE00BJSFQW37","iShares Global Corp Bond",89.215,"USD"
"24.08.2026","CORP","IE00BJSFQW37","iShares Global Corp Bond",89.43,"USD"
"25.08.2026","CORP","IE00BJSFQW37","iShares Global Corp Bond",89.59,"USD"
"26.08.2026","CORP","IE00BJSFQW37","iShares Global Corp Bond",89.47,"USD"
"27.08.2026","CORP","IE00BJSFQW37","iShares Global Corp Bond",89.53,"USD"
"28.08.2026","CORP","IE00BJSFQW37","iShares Global Corp Bond",89.315,"USD"
"01.09.2026","CORP","IE00BJSFQW37","iShares Global Corp Bond",88.92,"USD"
"02.09.2026","CORP","IE00BJSFQW37","iShares Global Corp Bond",88.8,"USD"
"03.09.2026","CORP","IE00BJSFQW37","iShares Global Corp Bond",89.14,"USD"
"04.09.2026","CORP","IE00BJSFQW37","iShares Global Corp Bond",89.05,"USD"
"07.09.2026","CORP","IE00BJSFQW37","iShares Global Corp Bond",88.91,"USD"
"08.09.2026","CORP","IE00BJSFQW37","iShares Global Corp Bond",89.075,"USD"
"09.09.2026","CORP","IE00BJSFQW37","iShares Global Corp Bond",88.78,"USD"
"10.09.2026","CORP","IE00BJSFQW37","iShares Global Corp Bond",88.34,"USD"
"11.09.2026","CORP","IE00BJSFQW37","iShares Global Corp Bond",88.52,"USD"
"14.09.2026","CORP","IE00BJSFQW37","iShares Global Corp Bond",88.16,"USD"
"15.09.2026","CORP","IE00BJSFQW37","iShares Global Corp Bond",87.99,"USD"
"16.09.2026","CORP","IE00BJSFQW37","iShares Global Corp Bond",88.04,"USD"
"17.09.2026","CORP","IE00BJSFQW37","iShares Global Corp Bond",86.225,"USD"
"18.09.2026","CORP","IE00BJSFQW37","iShares Global Corp Bond",85.92,"USD"
"21.09.2026","CORP","IE00BJSFQW37","iShares Global Corp Bond",86.175,"USD"
"22.09.2026","CORP","IE00BJSFQW37","iShares Global Corp Bond",86.115,"USD"
"23.09.2026","CORP","IE00BJSFQW37","iShares Global Corp Bond",85.41,"USD"
"24.09.2026","CORP","IE00BJSFQW37","iShares Global Corp Bond",NA,"USD"
"13.08.2026","EMES","IE00BKP5L730","iShares JP Morgan ESG USD EM Bond",4.397,"USD"
"14.08.2026","EMES","IE00BKP5L730","iShares JP Morgan ESG USD EM Bond",4.3942,"USD"
"17.08.2026","EMES","IE00BKP5L730","iShares JP Morgan ESG USD EM Bond",4.38,"USD"
"18.08.2026","EMES","IE00BKP5L730","iShares JP Morgan ESG USD EM Bond",4.366,"USD"
"19.08.2026","EMES","IE00BKP5L730","iShares JP Morgan ESG USD EM Bond",4.3892,"USD"
"20.08.2026","EMES","IE00BKP5L730","iShares JP Morgan ESG USD EM Bond",4.3215,"USD"
"21.08.2026","EMES","IE00BKP5L730","iShares JP Morgan ESG USD EM Bond",4.3115,"USD"
"24.08.2026","EMES","IE00BKP5L730","iShares JP Morgan ESG USD EM Bond",4.3265,"USD"
"25.08.2026","EMES","IE00BKP5L730","iShares JP Morgan ESG USD EM Bond",4.3355,"USD"
"26.08.2026","EMES","IE00BKP5L730","iShares JP Morgan ESG USD EM Bond",4.3325,"USD"
"27.08.2026","EMES","IE00BKP5L730","iShares JP Morgan ESG USD EM Bond",4.332,"USD"
"28.08.2026","EMES","IE00BKP5L730","iShares JP Morgan ESG USD EM Bond",4.3335,"USD"
"01.09.2026","EMES","IE00BKP5L730","iShares JP Morgan ESG USD EM Bond",4.3115,"USD"
"02.09.2026","EMES","IE00BKP5L730","iShares JP Morgan ESG USD EM Bond",4.3115,"USD"
"03.09.2026","EMES","IE00BKP5L730","iShares JP Morgan ESG USD EM Bond",4.3235,"USD"
"04.09.2026","EMES","IE00BKP5L730","iShares JP Morgan ESG USD EM Bond",4.3195,"USD"
"07.09.2026","EMES","IE00BKP5L730","iShares JP Morgan ESG USD EM Bond",4.321,"USD"
"08.09.2026","EMES","IE00BKP5L730","iShares JP Morgan ESG USD EM Bond",4.3165,"USD"
"09.09.2026","EMES","IE00BKP5L730","iShares JP Morgan ESG USD EM Bond",4.3028,"USD"
"10.09.2026","EMES","IE00BKP5L730","iShares JP Morgan ESG USD EM Bond",4.288,"USD"
"11.09.2026","EMES","IE00BKP5L730","iShares JP Morgan ESG USD EM Bond",4.282,"USD"
"14.09.2026","EMES","IE00BKP5L730","iShares JP Morgan ESG USD EM Bond",4.2597,"USD"
"15.09.2026","EMES","IE00BKP5L730","iShares JP Morgan ESG USD EM Bond",4.256,"USD"
"16.09.2026","EMES","IE00BKP5L730","iShares JP Morgan ESG USD EM Bond",4.269,"USD"
"17.09.2026","EMES","IE00BKP5L730","iShares JP Morgan ESG USD EM Bond",4.279,"USD"
"18.09.2026","EMES","IE00BKP5L730","iShares JP Morgan ESG USD EM Bond",4.2715,"USD"
"21.09.2026","EMES","IE00BKP5L730","iShares JP Morgan ESG USD EM Bond",4.2867,"USD"
"22.09.2026","EMES","IE00BKP5L730","iShares JP Morgan ESG USD EM Bond",4.2898,"USD"
"23.09.2026","EMES","IE00BKP5L730","iShares JP Morgan ESG USD EM Bond",4.2495,"USD"
"24.09.2026","EMES","IE00BKP5L730","iShares JP Morgan ESG USD EM Bond",NA,"USD"
"13.08.2026","IUKD","IE00B0M63060","iShares UK Dividend",1039.4,"GBP"
"14.08.2026","IUKD","IE00B0M63060","iShares UK Dividend",1041,"GBP"
"17.08.2026","IUKD","IE00B0M63060","iShares UK Dividend",1033.6,"GBP"
"18.08.2026","IUKD","IE00B0M63060","iShares UK Dividend",1032.4,"GBP"
"19.08.2026","IUKD","IE00B0M63060","iShares UK Dividend",1028.4,"GBP"
"20.08.2026","IUKD","IE00B0M63060","iShares UK Dividend",1028.4,"GBP"
"21.08.2026","IUKD","IE00B0M63060","iShares UK Dividend",1033.8,"GBP"
"24.08.2026","IUKD","IE00B0M63060","iShares UK Dividend",1038,"GBP"
"25.08.2026","IUKD","IE00B0M63060","iShares UK Dividend",1042.4,"GBP"
"26.08.2026","IUKD","IE00B0M63060","iShares UK Dividend",1042.8,"GBP"
"27.08.2026","IUKD","IE00B0M63060","iShares UK Dividend",1032.8,"GBP"
"28.08.2026","IUKD","IE00B0M63060","iShares UK Dividend",1036.8,"GBP"
"01.09.2026","IUKD","IE00B0M63060","iShares UK Dividend",1031,"GBP"
"02.09.2026","IUKD","IE00B0M63060","iShares UK Dividend",1026.2,"GBP"
"03.09.2026","IUKD","IE00B0M63060","iShares UK Dividend",1032,"GBP"
"04.09.2026","IUKD","IE00B0M63060","iShares UK Dividend",1036.8,"GBP"
"07.09.2026","IUKD","IE00B0M63060","iShares UK Dividend",1034.4,"GBP"
"08.09.2026","IUKD","IE00B0M63060","iShares UK Dividend",1034.2,"GBP"
"09.09.2026","IUKD","IE00B0M63060","iShares UK Dividend",1024,"GBP"
"10.09.2026","IUKD","IE00B0M63060","iShares UK Dividend",1018.2,"GBP"
"11.09.2026","IUKD","IE00B0M63060","iShares UK Dividend",1021,"GBP"
"14.09.2026","IUKD","IE00B0M63060","iShares UK Dividend",1024.6,"GBP"
"15.09.2026","IUKD","IE00B0M63060","iShares UK Dividend",1026.8,"GBP"
"16.09.2026","IUKD","IE00B0M63060","iShares UK Dividend",1033.6,"GBP"
"17.09.2026","IUKD","IE00B0M63060","iShares UK Dividend",1027.6,"GBP"
"18.09.2026","IUKD","IE00B0M63060","iShares UK Dividend",1011.4,"GBP"
"21.09.2026","IUKD","IE00B0M63060","iShares UK Dividend",1019.4,"GBP"
"22.09.2026","IUKD","IE00B0M63060","iShares UK Dividend",1012.6,"GBP"
"23.09.2026","IUKD","IE00B0M63060","iShares UK Dividend",1006,"GBP"
"24.09.2026","IUKD","IE00B0M63060","iShares UK Dividend",NA,"GBP"
"14.08.2026","SPYW","IE00B5M1WJ87","SPDR S&P EURO Dividend Aristocrats",31.02,"EUR"
"17.08.2026","SPYW","IE00B5M1WJ87","SPDR S&P EURO Dividend Aristocrats",30.82,"EUR"
"18.08.2026","SPYW","IE00B5M1WJ87","SPDR S&P EURO Dividend Aristocrats",30.94,"EUR"
"19.08.2026","SPYW","IE00B5M1WJ87","SPDR S&P EURO Dividend Aristocrats",30.88,"EUR"
"20.08.2026","SPYW","IE00B5M1WJ87","SPDR S&P EURO Dividend Aristocrats",30.85,"EUR"
"21.08.2026","SPYW","IE00B5M1WJ87","SPDR S&P EURO Dividend Aristocrats",31.035,"EUR"
"24.08.2026","SPYW","IE00B5M1WJ87","SPDR S&P EURO Dividend Aristocrats",31.17,"EUR"
"25.08.2026","SPYW","IE00B5M1WJ87","SPDR S&P EURO Dividend Aristocrats",31.29,"EUR"
"26.08.2026","SPYW","IE00B5M1WJ87","SPDR S&P EURO Dividend Aristocrats",31.315,"EUR"
"27.08.2026","SPYW","IE00B5M1WJ87","SPDR S&P EURO Dividend Aristocrats",31.16,"EUR"
"28.08.2026","SPYW","IE00B5M1WJ87","SPDR S&P EURO Dividend Aristocrats",31.35,"EUR"
"31.08.2026","SPYW","IE00B5M1WJ87","SPDR S&P EURO Dividend Aristocrats",31.26,"EUR"
"01.09.2026","SPYW","IE00B5M1WJ87","SPDR S&P EURO Dividend Aristocrats",31.275,"EUR"
"02.09.2026","SPYW","IE00B5M1WJ87","SPDR S&P EURO Dividend Aristocrats",31.07,"EUR"
"03.09.2026","SPYW","IE00B5M1WJ87","SPDR S&P EURO Dividend Aristocrats",31.255,"EUR"
"04.09.2026","SPYW","IE00B5M1WJ87","SPDR S&P EURO Dividend Aristocrats",31.265,"EUR"
"07.09.2026","SPYW","IE00B5M1WJ87","SPDR S&P EURO Dividend Aristocrats",31.065,"EUR"
"08.09.2026","SPYW","IE00B5M1WJ87","SPDR S&P EURO Dividend Aristocrats",31.045,"EUR"
"09.09.2026","SPYW","IE00B5M1WJ87","SPDR S&P EURO Dividend Aristocrats",30.79,"EUR"
"10.09.2026","SPYW","IE00B5M1WJ87","SPDR S&P EURO Dividend Aristocrats",30.75,"EUR"
"11.09.2026","SPYW","IE00B5M1WJ87","SPDR S&P EURO Dividend Aristocrats",30.89,"EUR"
"14.09.2026","SPYW","IE00B5M1WJ87","SPDR S&P EURO Dividend Aristocrats",30.98,"EUR"
"15.09.2026","SPYW","IE00B5M1WJ87","SPDR S&P EURO Dividend Aristocrats",31.01,"EUR"
"16.09.2026","SPYW","IE00B5M1WJ87","SPDR S&P EURO Dividend Aristocrats",31.215,"EUR"
"17.09.2026","SPYW","IE00B5M1WJ87","SPDR S&P EURO Dividend Aristocrats",31.48,"EUR"
"18.09.2026","SPYW","IE00B5M1WJ87","SPDR S&P EURO Dividend Aristocrats",31.005,"EUR"
"21.09.2026","SPYW","IE00B5M1WJ87","SPDR S&P EURO Dividend Aristocrats",30.23,"EUR"
"22.09.2026","SPYW","IE00B5M1WJ87","SPDR S&P EURO Dividend Aristocrats",30.145,"EUR"
"23.09.2026","SPYW","IE00B5M1WJ87","SPDR S&P EURO Dividend Aristocrats",29.965,"EUR"
"24.09.2026","SPYW","IE00B5M1WJ87","SPDR S&P EURO Dividend Aristocrats",NA,"EUR"
NA,"ZPRG","IE00B9CQXS71","SPDR S&P Global Dividend Aristocrats",NA,"USD"
"13.08.2026","EQDS","IE00BYYHSM20","iShares MSCI Europe Quality Dividend Advanced",624.45,"EUR"
"14.08.2026","EQDS","IE00BYYHSM20","iShares MSCI Europe Quality Dividend Advanced",625.5,"EUR"
"17.08.2026","EQDS","IE00BYYHSM20","iShares MSCI Europe Quality Dividend Advanced",622.75,"EUR"
"18.08.2026","EQDS","IE00BYYHSM20","iShares MSCI Europe Quality Dividend Advanced",621.4,"EUR"
"19.08.2026","EQDS","IE00BYYHSM20","iShares MSCI Europe Quality Dividend Advanced",622,"EUR"
"20.08.2026","EQDS","IE00BYYHSM20","iShares MSCI Europe Quality Dividend Advanced",614.7,"EUR"
"21.08.2026","EQDS","IE00BYYHSM20","iShares MSCI Europe Quality Dividend Advanced",618.1,"EUR"
"24.08.2026","EQDS","IE00BYYHSM20","iShares MSCI Europe Quality Dividend Advanced",620.9,"EUR"
"25.08.2026","EQDS","IE00BYYHSM20","iShares MSCI Europe Quality Dividend Advanced",622.9,"EUR"
"26.08.2026","EQDS","IE00BYYHSM20","iShares MSCI Europe Quality Dividend Advanced",622.4,"EUR"
"27.08.2026","EQDS","IE00BYYHSM20","iShares MSCI Europe Quality Dividend Advanced",619.5,"EUR"
"28.08.2026","EQDS","IE00BYYHSM20","iShares MSCI Europe Quality Dividend Advanced",621.4,"EUR"
"01.09.2026","EQDS","IE00BYYHSM20","iShares MSCI Europe Quality Dividend Advanced",617.75,"EUR"
"02.09.2026","EQDS","IE00BYYHSM20","iShares MSCI Europe Quality Dividend Advanced",615.8,"EUR"
"03.09.2026","EQDS","IE00BYYHSM20","iShares MSCI Europe Quality Dividend Advanced",619,"EUR"
"04.09.2026","EQDS","IE00BYYHSM20","iShares MSCI Europe Quality Dividend Advanced",620.4,"EUR"
"07.09.2026","EQDS","IE00BYYHSM20","iShares MSCI Europe Quality Dividend Advanced",616.9,"EUR"
"08.09.2026","EQDS","IE00BYYHSM20","iShares MSCI Europe Quality Dividend Advanced",614.8,"EUR"
"09.09.2026","EQDS","IE00BYYHSM20","iShares MSCI Europe Quality Dividend Advanced",607.2,"EUR"
"10.09.2026","EQDS","IE00BYYHSM20","iShares MSCI Europe Quality Dividend Advanced",604.3,"EUR"
"11.09.2026","EQDS","IE00BYYHSM20","iShares MSCI Europe Quality Dividend Advanced",604.3,"EUR"
"14.09.2026","EQDS","IE00BYYHSM20","iShares MSCI Europe Quality Dividend Advanced",603.9,"EUR"
"15.09.2026","EQDS","IE00BYYHSM20","iShares MSCI Europe Quality Dividend Advanced",603.95,"EUR"
"16.09.2026","EQDS","IE00BYYHSM20","iShares MSCI Europe Quality Dividend Advanced",609.2,"EUR"
"17.09.2026","EQDS","IE00BYYHSM20","iShares MSCI Europe Quality Dividend Advanced",614.6,"EUR"
"18.09.2026","EQDS","IE00BYYHSM20","iShares MSCI Europe Quality Dividend Advanced",606.1,"EUR"
"21.09.2026","EQDS","IE00BYYHSM20","iShares MSCI Europe Quality Dividend Advanced",613.1,"EUR"
"22.09.2026","EQDS","IE00BYYHSM20","iShares MSCI Europe Quality Dividend Advanced",614.95,"EUR"
"23.09.2026","EQDS","IE00BYYHSM20","iShares MSCI Europe Quality Dividend Advanced",612.9,"EUR"
"24.09.2026","EQDS","IE00BYYHSM20","iShares MSCI Europe Quality Dividend Advanced",NA,"EUR"
"14.08.2026","ISPA","DE000A0F5UH1","iShares STOXX Global Select Dividend 100 DE",40.395,"EUR"
"17.08.2026","ISPA","DE000A0F5UH1","iShares STOXX Global Select Dividend 100 DE",40.275,"EUR"
"18.08.2026","ISPA","DE000A0F5UH1","iShares STOXX Global Select Dividend 100 DE",40.21,"EUR"
"19.08.2026","ISPA","DE000A0F5UH1","iShares STOXX Global Select Dividend 100 DE",40.105,"EUR"
"20.08.2026","ISPA","DE000A0F5UH1","iShares STOXX Global Select Dividend 100 DE",39.905,"EUR"
"21.08.2026","ISPA","DE000A0F5UH1","iShares STOXX Global Select Dividend 100 DE",40.19,"EUR"
"24.08.2026","ISPA","DE000A0F5UH1","iShares STOXX Global Select Dividend 100 DE",40.2,"EUR"
"25.08.2026","ISPA","DE000A0F5UH1","iShares STOXX Global Select Dividend 100 DE",40.255,"EUR"
"26.08.2026","ISPA","DE000A0F5UH1","iShares STOXX Global Select Dividend 100 DE",40.26,"EUR"
"27.08.2026","ISPA","DE000A0F5UH1","iShares STOXX Global Select Dividend 100 DE",40.025,"EUR"
"28.08.2026","ISPA","DE000A0F5UH1","iShares STOXX Global Select Dividend 100 DE",40.31,"EUR"
"31.08.2026","ISPA","DE000A0F5UH1","iShares STOXX Global Select Dividend 100 DE",40.045,"EUR"
"01.09.2026","ISPA","DE000A0F5UH1","iShares STOXX Global Select Dividend 100 DE",40.1,"EUR"
"02.09.2026","ISPA","DE000A0F5UH1","iShares STOXX Global Select Dividend 100 DE",40.195,"EUR"
"03.09.2026","ISPA","DE000A0F5UH1","iShares STOXX Global Select Dividend 100 DE",40.525,"EUR"
"04.09.2026","ISPA","DE000A0F5UH1","iShares STOXX Global Select Dividend 100 DE",40.585,"EUR"
"07.09.2026","ISPA","DE000A0F5UH1","iShares STOXX Global Select Dividend 100 DE",40.56,"EUR"
"08.09.2026","ISPA","DE000A0F5UH1","iShares STOXX Global Select Dividend 100 DE",40.395,"EUR"
"09.09.2026","ISPA","DE000A0F5UH1","iShares STOXX Global Select Dividend 100 DE",39.945,"EUR"
"10.09.2026","ISPA","DE000A0F5UH1","iShares STOXX Global Select Dividend 100 DE",39.78,"EUR"
"11.09.2026","ISPA","DE000A0F5UH1","iShares STOXX Global Select Dividend 100 DE",40.105,"EUR"
"14.09.2026","ISPA","DE000A0F5UH1","iShares STOXX Global Select Dividend 100 DE",40.265,"EUR"
"15.09.2026","ISPA","DE000A0F5UH1","iShares STOXX Global Select Dividend 100 DE",40.065,"EUR"
"16.09.2026","ISPA","DE000A0F5UH1","iShares STOXX Global Select Dividend 100 DE",40.18,"EUR"
"17.09.2026","ISPA","DE000A0F5UH1","iShares STOXX Global Select Dividend 100 DE",40.48,"EUR"
"18.09.2026","ISPA","DE000A0F5UH1","iShares STOXX Global Select Dividend 100 DE",40.04,"EUR"
"21.09.2026","ISPA","DE000A0F5UH1","iShares STOXX Global Select Dividend 100 DE",40.275,"EUR"
"22.09.2026","ISPA","DE000A0F5UH1","iShares STOXX Global Select Dividend 100 DE",40.01,"EUR"
"23.09.2026","ISPA","DE000A0F5UH1","iShares STOXX Global Select Dividend 100 DE",39.88,"EUR"
"24.09.2026","ISPA","DE000A0F5UH1","iShares STOXX Global Select Dividend 100 DE",NA,"EUR"
"14.08.2026","2B76","IE00BYZK4552","iShares Automation & Robotics UCITS ETF",19.008,"EUR"
"17.08.2026","2B76","IE00BYZK4552","iShares Automation & Robotics UCITS ETF",19.244,"EUR"
"18.08.2026","2B76","IE00BYZK4552","iShares Automation & Robotics UCITS ETF",18.484,"EUR"
"19.08.2026","2B76","IE00BYZK4552","iShares Automation & Robotics UCITS ETF",18.466,"EUR"
"20.08.2026","2B76","IE00BYZK4552","iShares Automation & Robotics UCITS ETF",18.348,"EUR"
"21.08.2026","2B76","IE00BYZK4552","iShares Automation & Robotics UCITS ETF",18.424,"EUR"
"24.08.2026","2B76","IE00BYZK4552","iShares Automation & Robotics UCITS ETF",18.186,"EUR"
"25.08.2026","2B76","IE00BYZK4552","iShares Automation & Robotics UCITS ETF",18.33,"EUR"
"26.08.2026","2B76","IE00BYZK4552","iShares Automation & Robotics UCITS ETF",18.344,"EUR"
"27.08.2026","2B76","IE00BYZK4552","iShares Automation & Robotics UCITS ETF",18.78,"EUR"
"28.08.2026","2B76","IE00BYZK4552","iShares Automation & Robotics UCITS ETF",18.814,"EUR"
"31.08.2026","2B76","IE00BYZK4552","iShares Automation & Robotics UCITS ETF",18.508,"EUR"
"01.09.2026","2B76","IE00BYZK4552","iShares Automation & Robotics UCITS ETF",18.19,"EUR"
"02.09.2026","2B76","IE00BYZK4552","iShares Automation & Robotics UCITS ETF",17.976,"EUR"
"03.09.2026","2B76","IE00BYZK4552","iShares Automation & Robotics UCITS ETF",18.304,"EUR"
"04.09.2026","2B76","IE00BYZK4552","iShares Automation & Robotics UCITS ETF",18.396,"EUR"
"07.09.2026","2B76","IE00BYZK4552","iShares Automation & Robotics UCITS ETF",18.396,"EUR"
"08.09.2026","2B76","IE00BYZK4552","iShares Automation & Robotics UCITS ETF",18.368,"EUR"
"09.09.2026","2B76","IE00BYZK4552","iShares Automation & Robotics UCITS ETF",18.14,"EUR"
"10.09.2026","2B76","IE00BYZK4552","iShares Automation & Robotics UCITS ETF",17.916,"EUR"
"11.09.2026","2B76","IE00BYZK4552","iShares Automation & Robotics UCITS ETF",18.114,"EUR"
"14.09.2026","2B76","IE00BYZK4552","iShares Automation & Robotics UCITS ETF",17.842,"EUR"
"15.09.2026","2B76","IE00BYZK4552","iShares Automation & Robotics UCITS ETF",17.762,"EUR"
"16.09.2026","2B76","IE00BYZK4552","iShares Automation & Robotics UCITS ETF",18.006,"EUR"
"17.09.2026","2B76","IE00BYZK4552","iShares Automation & Robotics UCITS ETF",18.24,"EUR"
"18.09.2026","2B76","IE00BYZK4552","iShares Automation & Robotics UCITS ETF",18.34,"EUR"
"21.09.2026","2B76","IE00BYZK4552","iShares Automation & Robotics UCITS ETF",18.916,"EUR"
"22.09.2026","2B76","IE00BYZK4552","iShares Automation & Robotics UCITS ETF",19.172,"EUR"
"23.09.2026","2B76","IE00BYZK4552","iShares Automation & Robotics UCITS ETF",19.23,"EUR"
"24.09.2026","2B76","IE00BYZK4552","iShares Automation & Robotics UCITS ETF",NA,"EUR"
"13.08.2026","JEGP","IE0003UVYC20","JPM Global Equity Premium Income Active UCITS ETF - USD dist",1958.2,"USD"
"14.08.2026","JEGP","IE0003UVYC20","JPM Global Equity Premium Income Active UCITS ETF - USD dist",1947.6,"USD"
"17.08.2026","JEGP","IE0003UVYC20","JPM Global Equity Premium Income Active UCITS ETF - USD dist",1952.8,"USD"
"18.08.2026","JEGP","IE0003UVYC20","JPM Global Equity Premium Income Active UCITS ETF - USD dist",1936.6,"USD"
"19.08.2026","JEGP","IE0003UVYC20","JPM Global Equity Premium Income Active UCITS ETF - USD dist",1946.4,"USD"
"20.08.2026","JEGP","IE0003UVYC20","JPM Global Equity Premium Income Active UCITS ETF - USD dist",1956.2,"USD"
"21.08.2026","JEGP","IE0003UVYC20","JPM Global Equity Premium Income Active UCITS ETF - USD dist",1970.8,"USD"
"24.08.2026","JEGP","IE0003UVYC20","JPM Global Equity Premium Income Active UCITS ETF - USD dist",1953.6,"USD"
"25.08.2026","JEGP","IE0003UVYC20","JPM Global Equity Premium Income Active UCITS ETF - USD dist",1976,"USD"
"26.08.2026","JEGP","IE0003UVYC20","JPM Global Equity Premium Income Active UCITS ETF - USD dist",1975,"USD"
"27.08.2026","JEGP","IE0003UVYC20","JPM Global Equity Premium Income Active UCITS ETF - USD dist",1970,"USD"
"28.08.2026","JEGP","IE0003UVYC20","JPM Global Equity Premium Income Active UCITS ETF - USD dist",1957,"USD"
"01.09.2026","JEGP","IE0003UVYC20","JPM Global Equity Premium Income Active UCITS ETF - USD dist",1950.2,"USD"
"02.09.2026","JEGP","IE0003UVYC20","JPM Global Equity Premium Income Active UCITS ETF - USD dist",1970,"USD"
"03.09.2026","JEGP","IE0003UVYC20","JPM Global Equity Premium Income Active UCITS ETF - USD dist",1980,"USD"
"04.09.2026","JEGP","IE0003UVYC20","JPM Global Equity Premium Income Active UCITS ETF - USD dist",1970.8,"USD"
"07.09.2026","JEGP","IE0003UVYC20","JPM Global Equity Premium Income Active UCITS ETF - USD dist",1960,"USD"
"08.09.2026","JEGP","IE0003UVYC20","JPM Global Equity Premium Income Active UCITS ETF - USD dist",1949.8,"USD"
"09.09.2026","JEGP","IE0003UVYC20","JPM Global Equity Premium Income Active UCITS ETF - USD dist",1925.4,"USD"
"10.09.2026","JEGP","IE0003UVYC20","JPM Global Equity Premium Income Active UCITS ETF - USD dist",1931.2,"USD"
"11.09.2026","JEGP","IE0003UVYC20","JPM Global Equity Premium Income Active UCITS ETF - USD dist",1935.4,"USD"
"14.09.2026","JEGP","IE0003UVYC20","JPM Global Equity Premium Income Active UCITS ETF - USD dist",1939.4,"USD"
"15.09.2026","JEGP","IE0003UVYC20","JPM Global Equity Premium Income Active UCITS ETF - USD dist",1932,"USD"
"16.09.2026","JEGP","IE0003UVYC20","JPM Global Equity Premium Income Active UCITS ETF - USD dist",1947.2,"USD"
"17.09.2026","JEGP","IE0003UVYC20","JPM Global Equity Premium Income Active UCITS ETF - USD dist",1963.4,"USD"
"18.09.2026","JEGP","IE0003UVYC20","JPM Global Equity Premium Income Active UCITS ETF - USD dist",1929,"USD"
"21.09.2026","JEGP","IE0003UVYC20","JPM Global Equity Premium Income Active UCITS ETF - USD dist",1939.8,"USD"
"22.09.2026","JEGP","IE0003UVYC20","JPM Global Equity Premium Income Active UCITS ETF - USD dist",1948.8,"USD"
"23.09.2026","JEGP","IE0003UVYC20","JPM Global Equity Premium Income Active UCITS ETF - USD dist",1963.4,"USD"
"24.09.2026","JEGP","IE0003UVYC20","JPM Global Equity Premium Income Active UCITS ETF - USD dist",NA,"USD"
"13.08.2026","VHYL","IE00B8GKDB10","Vanguard FTSE All-World High Dividend Yield UCITS ETF",69.98,"GBP"
"14.08.2026","VHYL","IE00B8GKDB10","Vanguard FTSE All-World High Dividend Yield UCITS ETF",69.88,"GBP"
"17.08.2026","VHYL","IE00B8GKDB10","Vanguard FTSE All-World High Dividend Yield UCITS ETF",69.745,"GBP"
"18.08.2026","VHYL","IE00B8GKDB10","Vanguard FTSE All-World High Dividend Yield UCITS ETF",69.53,"GBP"
"19.08.2026","VHYL","IE00B8GKDB10","Vanguard FTSE All-World High Dividend Yield UCITS ETF",69.59,"GBP"
"20.08.2026","VHYL","IE00B8GKDB10","Vanguard FTSE All-World High Dividend Yield UCITS ETF",69.31,"GBP"
"21.08.2026","VHYL","IE00B8GKDB10","Vanguard FTSE All-World High Dividend Yield UCITS ETF",69.57,"GBP"
"24.08.2026","VHYL","IE00B8GKDB10","Vanguard FTSE All-World High Dividend Yield UCITS ETF",69.46,"GBP"
"25.08.2026","VHYL","IE00B8GKDB10","Vanguard FTSE All-World High Dividend Yield UCITS ETF",69.755,"GBP"
"26.08.2026","VHYL","IE00B8GKDB10","Vanguard FTSE All-World High Dividend Yield UCITS ETF",70.005,"GBP"
"27.08.2026","VHYL","IE00B8GKDB10","Vanguard FTSE All-World High Dividend Yield UCITS ETF",69.68,"GBP"
"28.08.2026","VHYL","IE00B8GKDB10","Vanguard FTSE All-World High Dividend Yield UCITS ETF",69.855,"GBP"
"01.09.2026","VHYL","IE00B8GKDB10","Vanguard FTSE All-World High Dividend Yield UCITS ETF",69.91,"GBP"
"02.09.2026","VHYL","IE00B8GKDB10","Vanguard FTSE All-World High Dividend Yield UCITS ETF",70.195,"GBP"
"03.09.2026","VHYL","IE00B8GKDB10","Vanguard FTSE All-World High Dividend Yield UCITS ETF",70.67,"GBP"
"04.09.2026","VHYL","IE00B8GKDB10","Vanguard FTSE All-World High Dividend Yield UCITS ETF",70.565,"GBP"
"07.09.2026","VHYL","IE00B8GKDB10","Vanguard FTSE All-World High Dividend Yield UCITS ETF",70.31,"GBP"
"08.09.2026","VHYL","IE00B8GKDB10","Vanguard FTSE All-World High Dividend Yield UCITS ETF",70.165,"GBP"
"09.09.2026","VHYL","IE00B8GKDB10","Vanguard FTSE All-World High Dividend Yield UCITS ETF",69.555,"GBP"
"10.09.2026","VHYL","IE00B8GKDB10","Vanguard FTSE All-World High Dividend Yield UCITS ETF",69.335,"GBP"
"11.09.2026","VHYL","IE00B8GKDB10","Vanguard FTSE All-World High Dividend Yield UCITS ETF",69.76,"GBP"
"14.09.2026","VHYL","IE00B8GKDB10","Vanguard FTSE All-World High Dividend Yield UCITS ETF",69.685,"GBP"
"15.09.2026","VHYL","IE00B8GKDB10","Vanguard FTSE All-World High Dividend Yield UCITS ETF",69.325,"GBP"
"16.09.2026","VHYL","IE00B8GKDB10","Vanguard FTSE All-World High Dividend Yield UCITS ETF",69.72,"GBP"
"17.09.2026","VHYL","IE00B8GKDB10","Vanguard FTSE All-World High Dividend Yield UCITS ETF",69.685,"GBP"
"18.09.2026","VHYL","IE00B8GKDB10","Vanguard FTSE All-World High Dividend Yield UCITS ETF",69.025,"GBP"
"21.09.2026","VHYL","IE00B8GKDB10","Vanguard FTSE All-World High Dividend Yield UCITS ETF",69.435,"GBP"
"22.09.2026","VHYL","IE00B8GKDB10","Vanguard FTSE All-World High Dividend Yield UCITS ETF",69.43,"GBP"
"23.09.2026","VHYL","IE00B8GKDB10","Vanguard FTSE All-World High Dividend Yield UCITS ETF",69.4,"GBP"
"24.09.2026","VHYL","IE00B8GKDB10","Vanguard FTSE All-World High Dividend Yield UCITS ETF",NA,"GBP"
