"ticker","isin","name","price","currency","time","source"
"ABBV",NA,"AbbVie",260.72,"USD","05.10.2026 16:32","twelve_data_price"
"ADM",NA,"Admiral Group PLC",35.88,"GBP","02.10.2026 close","yahoo_fallback"
"RIO",NA,"ADR on Rio Tinto",94.18,"USD","05.10.2026 16:32","twelve_data_price"
"AES",NA,"AES Corp",14.915,"USD","05.10.2026 16:32","twelve_data_price"
"AMCR",NA,"Amcor",41.27,"USD","05.10.2026 16:32","twelve_data_price"
"KO",NA,"Coca-Cola",85.88,"USD","05.10.2026 16:32","twelve_data_price"
"CVS",NA,"CVS Health",87.2,"USD","05.10.2026 16:32","twelve_data_price"
"DVN",NA,"Devon Energy",47.86,"USD","05.10.2026 16:32","twelve_data_price"
"DX",NA,"Dynex Capital Inc",11.02,"USD","02.10.2026 close","yahoo_fallback"
"BEN",NA,"Franklin Resources",32.81,"USD","02.10.2026 close","yahoo_fallback"
"MBG.DE",NA,"Mercedes-Benz Group",39.725,"EUR","02.10.2026 close","yahoo_fallback"
"OMV.VI",NA,"OMV",70.5,"EUR","02.10.2026 close","yahoo_fallback"
"PK",NA,"Park Hotels & Resorts Inc",15.53,"USD","02.10.2026 close","yahoo_fallback"
"PFE",NA,"Pfizer",27.8,"USD","02.10.2026 close","yahoo_fallback"
"O",NA,"Realty Income",54.13,"USD","02.10.2026 close","yahoo_fallback"
"SVC",NA,"Service Properties Trust",6.38,"USD","02.10.2026 close","yahoo_fallback"
"TGT",NA,"Target Corp",156,"USD","02.10.2026 close","yahoo_fallback"
"VZ",NA,"Verizon",45.92,"USD","02.10.2026 close","yahoo_fallback"
"VOW3.DE",NA,"Volkswagen AG",67.48,"EUR","02.10.2026 close","yahoo_fallback"
"BNP.PA",NA,"BNP Paribas SA",92.06,"EUR","02.10.2026 close","yahoo_fallback"
"0291.HK",NA,"China Resources Beer",18.46,"HKD","02.10.2026 close","yahoo_fallback"
"CSG.AS",NA,"CSG N.V.",14.2,"EUR","02.10.2026 close","yahoo_fallback"
"PEN.PR",NA,"Photon Energy",6.4,"CZK","02.10.2026 close","yahoo_fallback"
"SOBA.DE","US00206R1023","AT&T Inc. (Tradegate / EUR)",21.525,"EUR","02.10.2026 close","yahoo_fallback"
"VUAG","IE00BFMXXD54","Vanguard S&P 500 UCITS ETF (USD) Acc",112.84,"GBP","02.10.2026 close","yahoo_fallback"
"EEWD","IE00BG11HV38","iShares MSCI World ESG Enhanced CTB",11.494,"USD","02.10.2026 close","yahoo_fallback"
"IWDE","IE00B441G979","iShares MSCI World EUR Hedged",119.64,"EUR","02.10.2026 close","yahoo_fallback"
"EDG2","IE00BHZPJ239","iShares MSCI EM ESG Enhanced",7.239,"USD","02.10.2026 close","yahoo_fallback"
"IGLO","IE00BKT6FT27","iShares Global Govt Bond",84.64,"USD","02.10.2026 close","yahoo_fallback"
"HYLE","IE00BJSFR200","iShares Global High Yield Corp Bond",NA,"EUR",NA,"snapshot_error"
"CORP","IE00BJSFQW37","iShares Global Corp Bond",84.49,"USD","02.10.2026 close","yahoo_fallback"
"EMES","IE00BKP5L730","iShares JP Morgan ESG USD EM Bond",4.156,"USD","02.10.2026 close","yahoo_fallback"
"IUKD","IE00B0M63060","iShares UK Dividend",983.3,"GBP","02.10.2026 close","yahoo_fallback"
"SPYW","IE00B5M1WJ87","SPDR S&P EURO Dividend Aristocrats",29.31,"EUR","02.10.2026 close","yahoo_fallback"
"ZPRG","IE00B9CQXS71","SPDR S&P Global Dividend Aristocrats",NA,"USD",NA,"snapshot_error"
"EQDS","IE00BYYHSM20","iShares MSCI Europe Quality Dividend Advanced",600.2,"EUR","02.10.2026 close","yahoo_fallback"
"ISPA","DE000A0F5UH1","iShares STOXX Global Select Dividend 100 DE",39.255,"EUR","02.10.2026 close","yahoo_fallback"
"2B76","IE00BYZK4552","iShares Automation & Robotics UCITS ETF",20.09,"EUR","02.10.2026 close","yahoo_fallback"
"JEGP","IE0003UVYC20","JPM Global Equity Premium Income Active UCITS ETF - USD dist",1940.4,"USD","02.10.2026 close","yahoo_fallback"
"VHYL","IE00B8GKDB10","Vanguard FTSE All-World High Dividend Yield UCITS ETF",68.215,"GBP","02.10.2026 close","yahoo_fallback"
